customer_id,cluster
1,1
2,0
3,3
4,0
5,0
6,3
7,2
8,3
9,3
10,0
11,0
12,2
13,3
14,0
15,1
16,3
17,3
18,3
19,2
20,0
21,3
22,3
23,3
24,3
25,1
26,3
27,0
28,0
29,0
30,0
31,3
32,3
33,0
34,3
35,0
36,0
37,0
38,3
39,3
40,2
41,0
42,3
43,0
44,3
45,3
46,3
47,1
48,3
49,0
50,0
51,3
52,0
53,3
54,3
55,2
56,3
57,0
58,2
59,0
60,0
61,0
62,0
63,0
64,0
65,3
66,3
67,0
68,0
69,0
70,3
71,3
72,2
73,0
74,3
75,0
76,3
77,3
78,1
79,3
80,0
81,1
82,3
83,3
84,3
85,0
86,0
87,0
88,3
89,0
90,3
91,3
92,3
93,0
94,3
95,3
96,0
97,0
98,2
99,3
100,3
101,0
102,3
103,3
104,1
105,0
106,0
107,0
108,0
109,3
110,0
111,0
112,3
113,0
114,0
115,1
116,1
117,1
118,3
119,3
120,0
121,1
122,0
123,2
124,3
125,0
126,0
127,0
128,1
129,0
130,1
131,0
132,0
133,0
134,0
135,1
136,0
137,3
138,0
139,3
140,2
141,3
142,2
143,1
144,1
145,3
146,0
147,1
148,0
149,3
150,0
151,0
152,0
153,0
154,2
155,0
156,0
157,0
158,1
159,0
160,0
161,3
162,0
163,1
164,0
165,3
166,1
167,1
168,3
169,0
170,0
171,0
172,2
173,2
174,2
175,3
176,0
177,1
179,0
180,3
181,3
182,3
183,1
184,0
185,0
186,0
187,2
188,3
189,0
190,3
191,3
192,2
193,1
194,2
195,0
196,3
197,2
198,0
199,3
200,0
201,1
202,0
203,2
204,0
205,3
206,3
207,2
208,0
209,3
210,3
211,0
212,0
213,3
214,3
215,3
216,0
217,0
218,0
220,0
221,2
222,2
223,3
224,2
225,3
226,0
227,0
228,3
229,3
230,2
231,0
232,0
233,3
234,0
235,0
236,3
237,1
238,2
239,0
240,0
241,2
242,3
243,3
244,0
245,2
246,0
247,2
248,3
249,0
250,0
251,0
252,2
253,1
254,2
255,3
256,3
257,3
258,3
259,2
260,3
261,0
262,0
263,1
264,0
265,0
266,3
267,0
268,0
269,0
270,3
271,3
272,2
273,0
274,0
275,3
276,3
277,3
278,1
279,0
280,0
281,0
282,0
283,3
284,0
285,3
286,3
287,3
288,3
289,3
290,2
291,2
292,1
293,0
294,0
295,0
296,2
297,3
298,1
299,1
300,3
301,0
302,1
303,0
304,0
305,3
306,0
307,0
308,2
309,0
310,0
311,3
312,3
313,0
314,3
315,3
316,3
317,3
318,3
319,3
320,0
321,2
322,1
323,0
324,3
325,0
326,2
327,3
328,3
329,2
330,0
331,3
332,0
333,0
334,0
335,2
336,3
337,0
338,0
340,1
341,2
342,3
343,3
344,0
345,3
346,0
347,0
348,0
349,0
350,0
351,2
352,0
353,3
354,2
355,0
356,3
357,0
358,0
359,3
361,3
362,1
363,3
364,2
365,0
366,3
367,1
368,3
369,3
370,0
371,3
372,0
373,2
374,3
375,0
376,2
377,2
378,0
379,3
380,0
381,0
382,3
383,2
384,3
385,1
386,0
387,3
388,2
389,0
390,3
391,3
392,0
393,0
394,3
395,1
396,2
397,0
398,0
399,1
400,3
401,1
402,0
403,0
404,3
405,0
406,0
407,3
408,2
409,3
410,3
411,3
412,0
413,1
415,3
416,3
417,1
418,0
419,3
420,3
421,0
422,0
423,0
424,3
425,3
426,0
427,0
428,0
429,0
430,2
431,0
432,0
433,2
434,2
435,3
436,2
437,2
438,3
439,2
440,3
441,3
442,3
443,3
444,3
445,3
446,0
447,3
448,1
449,0
450,2
451,0
452,2
453,3
454,3
455,2
456,1
457,3
458,3
459,1
460,0
461,0
462,0
463,3
464,0
465,2
466,1
467,2
468,2
470,1
471,0
472,3
473,3
474,3
475,0
476,0
477,0
478,3
479,0
480,0
481,3
482,2
483,2
484,0
485,1
486,3
487,3
488,0
489,0
490,3
491,0
492,3
493,1
494,3
495,3
496,3
497,0
498,0
499,0
500,0
501,0
502,2
503,3
504,0
505,3
506,0
507,0
508,0
509,0
510,3
511,3
512,2
513,1
514,2
515,0
516,0
517,3
518,3
519,1
520,0
521,3
522,1
523,0
524,0
525,3
526,0
527,0
528,3
529,3
530,1
531,2
532,3
533,3
534,2
535,0
536,0
537,3
538,3
539,3
540,0
541,0
542,2
543,3
544,0
545,0
546,0
547,0
548,2
549,3
550,3
551,3
552,2
553,3
554,3
555,0
556,0
557,3
558,3
559,0
560,0
561,3
562,1
563,3
564,2
565,0
566,0
567,0
568,3
569,2
570,0
571,1
572,3
573,0
574,0
575,0
576,3
577,0
578,2
579,3
580,1
581,0
582,0
583,0
584,0
585,3
586,2
587,0
588,1
589,3
590,3
591,0
592,1
593,0
594,1
595,1
596,3
597,3
598,3
599,2
601,0
602,3
603,2
604,0
605,1
606,0
607,3
608,0
609,1
610,0
611,0
612,0
613,0
614,3
615,3
616,2
617,1
618,0
619,3
620,2
621,0
622,3
623,0
624,3
625,2
626,0
627,3
628,0
629,0
630,2
631,0
632,1
633,2
634,2
635,3
636,3
637,3
638,0
639,2
640,2
641,0
642,3
643,0
644,1
645,0
646,3
647,2
648,0
649,3
650,0
651,0
652,1
653,3
654,0
655,3
656,2
657,1
658,1
659,1
660,3
661,1
662,0
663,0
664,2
665,1
666,0
667,0
668,0
669,1
670,0
671,3
672,0
673,3
674,3
675,0
676,2
677,0
678,1
679,2
680,3
681,1
682,2
683,0
684,0
685,2
686,0
687,2
688,2
689,0
690,0
691,0
692,0
693,3
694,3
695,3
696,3
697,2
698,2
699,1
700,3
701,3
702,0
703,3
704,3
705,3
706,0
707,1
708,0
709,0
710,0
711,3
712,3
713,0
714,3
715,2
716,0
717,3
718,1
719,3
720,0
721,0
722,0
723,0
724,3
725,0
726,3
727,1
728,2
729,0
730,0
731,2
732,0
733,0
734,3
735,1
736,2
737,2
738,0
739,3
740,3
741,0
742,0
743,3
744,2
745,0
746,0
747,0
748,3
749,2
750,3
751,3
752,3
753,0
754,3
755,0
756,0
757,3
758,3
759,3
760,3
761,0
762,3
763,0
764,3
765,0
766,1
767,3
768,0
770,1
771,2
772,1
773,2
774,3
775,3
776,0
777,3
778,3
779,1
780,0
781,1
782,1
783,3
784,0
785,0
786,1
787,2
788,0
789,0
790,0
791,2
792,3
793,0
794,3
795,1
796,3
797,0
799,3
800,3
801,2
802,3
803,0
804,1
805,3
806,0
807,1
808,0
809,3
810,0
811,0
812,3
813,1
814,3
815,1
816,0
818,3
819,0
820,3
821,3
822,2
823,3
824,3
825,1
826,1
827,2
828,1
829,0
830,3
831,3
832,0
833,0
834,3
835,3
836,3
837,1
838,3
839,1
840,3
841,3
842,3
843,3
844,0
845,0
846,2
847,2
848,3
849,0
850,0
851,0
852,1
853,0
854,1
855,1
856,3
857,3
858,0
859,2
860,0
861,3
862,3
863,3
864,3
865,3
866,2
867,2
868,0
869,0
870,2
871,3
872,3
873,1
874,0
875,0
876,3
877,1
878,3
879,3
880,3
881,3
882,3
883,0
884,0
885,1
886,1
887,0
888,2
889,3
890,3
891,0
892,0
893,0
894,0
895,0
896,0
897,0
898,2
899,3
900,0
901,1
902,1
903,1
904,0
905,0
907,2
908,3
909,0
910,0
911,3
912,3
913,0
914,3
915,0
916,0
917,3
918,0
920,0
921,3
922,0
923,0
924,3
925,3
926,0
927,2
928,3
929,3
930,1
931,0
932,0
933,1
934,3
935,0
936,3
937,2
938,2
939,0
940,3
941,3
942,3
943,3
944,0
945,0
946,3
947,3
948,3
949,3
950,3
951,0
952,3
953,0
954,3
955,1
956,2
957,0
958,0
959,3
960,3
961,0
962,3
963,0
964,3
965,0
966,0
967,3
968,3
969,0
970,2
971,0
972,2
973,1
974,0
975,0
976,0
977,0
978,3
979,0
980,1
981,3
982,3
983,0
984,3
985,1
986,3
987,2
988,1
989,0
990,2
991,0
992,1
993,0
994,0
995,0
996,3
997,3
998,0
999,3
1000,3
1001,3
1002,3
1003,0
1004,0
1005,1
1006,3
1007,0
1008,2
1009,1
1010,0
1011,2
1012,2
1013,2
1014,2
1015,3
1016,3
1017,3
1018,3
1019,0
1020,3
1021,3
1022,3
1023,3
1024,2
1025,2
1026,1
1027,3
1028,3
1030,0
1031,3
1032,3
1033,0
1034,3
1035,0
1036,0
1037,0
1038,2
1039,0
1040,1
1041,1
1042,0
1043,3
1044,0
1045,3
1046,0
1047,1
1048,0
1049,0
1050,1
1051,0
1052,1
1053,0
1054,2
1055,3
1056,3
1057,0
1058,2
1059,3
1060,0
1061,0
1062,0
1063,3
1064,1
1066,0
1067,3
1068,0
1069,3
1070,0
1071,1
1072,0
1073,0
1074,0
1075,0
1076,3
1077,1
1078,0
1079,1
1080,0
1081,3
1082,3
1083,0
1084,1
1085,0
1086,0
1087,0
1088,0
1089,3
1090,0
1091,3
1092,2
1093,0
1094,3
1095,0
1096,0
1097,0
1098,0
1099,3
1100,2
1101,0
1102,3
1103,0
1104,0
1105,1
1106,2
1107,2
1108,0
1109,3
1110,0
1111,3
1112,0
1113,0
1114,0
1115,3
1116,2
1117,3
1118,3
1119,3
1120,0
1121,0
1122,0
1123,0
1124,3
1125,0
1126,2
1127,3
1128,3
1129,0
1130,1
1131,3
1132,0
1133,0
1134,3
1135,0
1136,2
1137,0
1138,1
1139,0
1140,1
1141,0
1142,0
1143,0
1144,0
1145,3
1146,0
1147,3
1148,2
1149,2
1150,0
1151,3
1152,3
1153,0
1154,3
1155,0
1156,1
1157,0
1158,2
1159,3
1160,0
1161,0
1162,3
1163,0
1164,3
1165,0
1166,0
1167,3
1168,0
1169,2
1170,0
1171,1
1172,2
1173,1
1174,3
1175,3
1176,0
1178,3
1179,0
1180,3
1181,0
1182,0
1183,0
1184,0
1185,3
1186,0
1188,0
1189,3
1190,0
1191,0
1192,1
1193,3
1194,0
1195,3
1196,3
1197,0
1198,0
1199,1
1200,3
1201,0
1202,0
1203,0
1204,3
1205,3
1206,0
1207,3
1208,1
1209,3
1210,0
1211,3
1212,0
1213,0
1214,3
1215,0
1216,3
1217,0
1218,3
1219,3
1220,0
1221,3
1222,2
1223,3
1224,0
1225,2
1226,0
1227,0
1228,0
1229,3
1230,1
1231,3
1232,3
1233,3
1234,0
1235,1
1236,3
1237,1
1238,0
1239,3
1240,0
1241,0
1242,3
1243,3
1244,0
1245,3
1246,1
1247,3
1248,1
1249,3
1250,0
1251,0
1252,3
1253,1
1254,3
1255,2
1256,0
1257,3
1258,0
1259,0
1260,0
1261,2
1262,0
1263,0
1264,0
1265,3
1266,3
1267,0
1268,3
1269,3
1270,0
1271,0
1272,3
1273,2
1274,3
1275,3
1276,0
1277,0
1278,0
1279,1
1280,0
1281,0
1282,2
1283,3
1284,0
1285,2
1286,3
1287,0
1288,2
1289,3
1290,3
1291,3
1292,0
1293,0
1294,0
1295,3
1296,1
1297,3
1298,3
1299,0
1300,3
1301,3
1302,0
1303,0
1304,0
1305,0
1306,3
1307,2
1308,1
1309,3
1310,0
1311,3
1312,1
1313,0
1314,0
1315,1
1316,0
1317,0
1318,1
1319,1
1320,0
1321,1
1322,3
1323,3
1324,1
1325,3
1326,3
1327,3
1328,1
1329,0
1330,0
1331,3
1332,0
1333,0
1334,0
1335,3
1336,3
1337,0
1338,0
1339,3
1340,3
1341,3
1342,0
1343,0
1344,0
1345,0
1346,3
1347,2
1348,0
1349,0
1350,3
1351,3
1352,3
1353,0
1354,0
1355,1
1356,3
1357,3
1358,0
1359,0
1360,1
1361,0
1362,0
1363,2
1364,3
1365,2
1366,0
1367,0
1368,3
1369,3
1370,1
1371,3
1372,0
1373,2
1374,3
1375,2
1376,3
1377,3
1378,3
1379,2
1380,3
1381,0
1382,0
1383,2
1384,0
1385,3
1386,0
1387,2
1388,1
1389,0
1390,0
1391,1
1392,3
1393,2
1394,3
1395,1
1396,1
1397,3
1398,0
1399,3
1400,0
1401,1
1402,0
1403,0
1404,0
1405,3
1406,0
1407,0
1408,3
1410,0
1411,0
1412,3
1413,3
1414,0
1415,0
1416,3
1417,2
1418,0
1419,3
1420,3
1421,0
1422,1
1423,3
1424,3
1425,0
1426,2
1427,1
1428,3
1429,0
1430,2
1431,0
1432,0
1433,3
1434,0
1435,0
1436,3
1437,0
1438,3
1439,1
1440,1
1441,1
1442,0
1443,2
1444,0
1445,2
1446,3
1447,0
1448,2
1449,0
1450,3
1451,3
1452,0
1453,0
1454,0
1455,0
1456,0
1457,3
1458,1
1459,3
1460,3
1461,0
1462,0
1463,0
1464,2
1465,0
1466,2
1467,0
1468,3
1470,0
1471,0
1472,0
1473,3
1474,0
1475,2
1476,1
1477,0
1478,2
1479,0
1480,3
1482,0
1483,0
1484,0
1485,3
1486,0
1487,1
1488,3
1489,3
1490,3
1491,0
1492,2
1493,3
1494,2
1495,0
1496,3
1497,0
1498,2
1499,3
1500,3
1501,0
1502,3
1503,2
1505,2
1506,0
1507,3
1508,0
1509,1
1510,0
1511,3
1512,2
1513,3
1514,3
1515,3
1516,0
1517,3
1518,3
1519,0
1520,1
1521,3
1522,3
1523,3
1524,3
1525,0
1526,1
1527,0
1528,3
1529,0
1530,0
1531,1
1532,2
1533,0
1534,3
1535,2
1536,0
1537,2
1538,0
1539,0
1540,2
1541,0
1542,3
1543,3
1544,2
1545,3
1546,0
1547,0
1548,3
1549,3
1550,1
1551,0
1552,0
1553,3
1554,3
1555,3
1556,0
1557,1
1558,2
1559,1
1560,3
1561,3
1562,3
1563,2
1564,3
1565,0
1566,0
1567,2
1568,3
1569,0
1570,1
1571,2
1572,0
1573,0
1574,3
1575,0
1576,2
1577,2
1578,2
1579,3
1580,0
1581,0
1582,3
1583,0
1584,3
1585,0
1586,0
1587,0
1588,2
1589,2
1590,0
1591,3
1592,0
1593,3
1594,1
1595,3
1596,0
1597,0
1598,3
1599,2
1600,3
1601,0
1602,3
1603,3
1604,1
1605,3
1606,3
1607,2
1608,3
1609,1
1610,1
1611,3
1612,0
1613,3
1614,0
1615,3
1616,0
1617,3
1618,2
1619,2
1620,3
1621,0
1622,1
1623,0
1624,2
1625,3
1626,0
1627,2
1628,3
1629,0
1630,3
1631,3
1632,3
1633,0
1634,3
1635,3
1636,2
1637,0
1638,0
1639,1
1640,0
1641,3
1642,1
1643,3
1644,0
1645,0
1646,3
1647,3
1648,0
1649,0
1650,3
1651,2
1652,0
1653,3
1654,3
1655,1
1656,3
1657,2
1658,2
1659,3
1660,0
1661,0
1662,3
1663,0
1664,2
1665,1
1666,0
1667,1
1668,1
1669,1
1670,2
1671,0
1672,3
1673,0
1674,3
1675,0
1676,0
1677,3
1678,0
1679,0
1680,3
1681,0
1682,3
1683,1
1684,3
1685,2
1686,3
1687,0
1688,2
1689,3
1690,0
1691,0
1692,0
1693,3
1694,1
1695,2
1696,0
1697,1
1698,3
1699,0
1700,0
1701,3
1702,0
1703,0
1704,3
1705,3
1706,1
1707,1
1708,3
1709,3
1710,3
1711,3
1712,0
1713,0
1714,3
1715,2
1716,3
1717,0
1718,0
1719,0
1720,0
1721,2
1722,1
1723,3
1724,0
1725,2
1726,0
1727,0
1728,0
1729,0
1730,3
1731,2
1732,1
1733,2
1734,1
1735,2
1736,0
1737,0
1738,3
1739,2
1740,3
1741,1
1742,3
1743,0
1744,3
1745,3
1746,0
1747,2
1748,3
1749,3
1750,3
1751,1
1752,0
1753,3
1754,3
1755,0
1756,3
1757,0
1758,0
1759,0
1760,3
1761,3
1762,2
1763,0
1764,3
1765,2
1766,3
1767,0
1768,0
1769,1
1770,1
1771,3
1772,0
1773,3
1774,3
1775,3
1776,0
1777,1
1778,0
1779,0
1780,2
1781,0
1782,2
1783,0
1785,3
1786,0
1787,3
1788,2
1790,3
1791,0
1792,3
1793,2
1794,0
1795,3
1796,3
1797,3
1798,3
1799,0
1800,0
1801,0
1802,2
1803,1
1804,2
1805,1
1806,2
1807,2
1809,0
1810,2
1811,3
1812,2
1813,3
1814,0
1815,0
1816,3
1817,3
1818,3
1819,0
1820,0
1821,0
1822,0
1823,0
1824,2
1825,0
1826,2
1827,3
1828,2
1829,1
1830,0
1831,3
1832,2
1833,2
1834,0
1835,3
1836,0
1837,3
1838,0
1839,0
1840,3
1841,1
1842,0
1843,2
1844,2
1845,0
1846,3
1847,2
1848,3
1849,0
1850,0
1851,3
1852,0
1853,2
1854,3
1855,0
1856,0
1857,3
1858,0
1859,0
1860,3
1861,3
1862,0
1863,3
1864,3
1865,2
1866,1
1867,0
1868,2
1869,0
1870,0
1871,2
1872,0
1873,3
1874,0
1875,3
1876,3
1877,3
1878,1
1879,1
1880,0
1881,3
1882,2
1883,3
1884,1
1885,3
1886,3
1887,0
1888,0
1889,2
1890,0
1891,3
1892,0
1893,3
1894,0
1895,3
1896,0
1897,0
1898,0
1899,0
1900,3
1901,2
1902,3
1903,3
1904,1
1905,3
1906,2
1907,0
1908,3
1909,3
1910,2
1911,3
1912,3
1913,1
1914,3
1915,0
1916,3
1917,0
1918,3
1919,0
1920,2
1921,2
1922,0
1923,0
1924,0
1925,0
1926,0
1927,2
1928,3
1929,0
1930,3
1931,0
1932,2
1933,0
1934,3
1935,0
1936,2
1937,2
1938,0
1939,0
1940,2
1941,3
1942,0
1943,2
1944,3
1945,1
1946,2
1947,3
1948,2
1949,1
1950,3
1951,3
1952,0
1953,0
1954,3
1955,3
1956,0
1957,3
1958,3
1959,0
1960,0
1961,3
1962,2
1963,1
1964,1
1965,0
1966,3
1967,0
1968,1
1969,3
1970,3
1971,3
1972,2
1973,0
1974,0
1975,3
1976,0
1977,3
1978,0
1979,2
1980,3
1981,3
1982,3
1983,0
1984,0
1985,3
1986,3
1987,3
1988,3
1989,2
1990,2
1991,0
1992,1
1993,0
1994,0
1995,3
1996,0
1997,2
1998,0
1999,3
2000,3
2001,3
2002,3
2003,0
2004,3
2005,0
2006,0
2007,0
2008,3
2009,3
2010,3
2011,0
2012,1
2013,3
2014,0
2015,0
2016,2
2017,0
2018,0
2019,0
2020,3
2021,2
2022,1
2023,0
2024,1
2025,2
2026,3
2027,2
2028,0
2029,0
2030,3
2031,0
2032,0
2033,0
2034,0
2035,0
2036,1
2037,2
2038,3
2039,0
2040,1
2041,2
2042,3
2043,0
2044,3
2045,3
2046,0
2047,0
2048,3
2049,0
2050,3
2051,3
2052,0
2053,0
2054,1
2055,0
2056,3
2057,1
2058,3
2059,0
2060,0
2061,0
2062,0
2063,3
2064,3
2065,0
2066,0
2067,0
2068,3
2069,3
2070,3
2071,2
2072,3
2074,2
2075,1
2076,3
2077,0
2078,2
2079,3
2080,0
2081,0
2082,0
2083,2
2084,3
2085,3
2086,0
2087,2
2088,3
2089,3
2090,1
2091,2
2092,2
2093,2
2094,0
2095,0
2097,0
2098,1
2099,0
2100,0
2101,0
2102,0
2103,0
2104,1
2105,0
2106,0
2107,0
2108,1
2109,0
2110,2
2111,2
2112,3
2113,2
2114,2
2115,3
2116,0
2117,0
2118,3
2119,3
2120,0
2121,2
2122,1
2123,3
2124,3
2125,3
2126,0
2127,0
2128,3
2129,2
2130,0
2131,0
2132,1
2133,2
2134,2
2135,3
2136,0
2137,3
2138,1
2139,0
2140,0
2141,0
2142,0
2143,0
2144,3
2145,3
2146,0
2147,0
2148,0
2149,3
2150,3
2151,0
2152,3
2153,3
2154,3
2155,2
2156,2
2157,2
2158,0
2159,3
2160,0
2161,0
2162,0
2163,0
2164,3
2165,0
2166,0
2167,0
2168,1
2169,2
2170,3
2171,0
2172,3
2173,0
2174,3
2175,3
2176,1
2177,0
2178,1
2179,0
2180,2
2181,0
2182,0
2183,3
2184,0
2185,3
2186,1
2187,0
2188,0
2189,1
2190,3
2191,1
2192,2
2193,2
2194,1
2195,3
2196,0
2197,2
2198,3
2199,0
2200,3
2201,3
2202,0
2203,0
2204,3
2205,2
2206,0
2207,0
2208,1
2209,0
2210,3
2211,3
2212,3
2213,0
2214,3
2215,0
2216,3
2217,2
2218,0
2219,3
2220,2
2221,1
2222,0
2223,0
2224,2
2225,0
2226,1
2227,0
2228,3
2229,2
2230,0
2231,3
2232,3
2233,3
2234,0
2235,3
2236,3
2237,3
2238,3
2239,0
2240,3
2241,0
2242,3
2243,3
2244,1
2245,0
2246,0
2247,0
2248,0
2249,0
2250,2
2251,3
2252,2
2253,0
2254,3
2255,2
2256,2
2257,2
2258,3
2259,1
2260,0
2261,1
2262,1
2263,0
2264,1
2265,0
2266,0
2267,2
2268,3
2269,0
2270,0
2271,0
2272,0
2273,0
2274,0
2275,1
2276,3
2277,3
2278,2
2279,1
2280,0
2281,0
2282,0
2283,1
2284,3
2285,0
2286,0
2287,0
2288,3
2289,0
2290,0
2291,2
2292,2
2293,0
2294,0
2295,3
2296,3
2297,3
2298,2
2299,3
2300,3
2301,2
2302,1
2303,2
2304,0
2305,0
2306,3
2307,3
2308,0
2309,3
2310,2
2311,0
2312,0
2313,3
2314,1
2315,1
2316,3
2317,0
2318,3
2319,2
2320,2
2321,3
2322,3
2323,0
2324,0
2325,2
2326,3
2327,0
2328,3
2329,3
2330,2
2331,0
2332,1
2333,0
2334,2
2335,2
2336,3
2337,0
2338,1
2339,0
2340,1
2341,3
2342,1
2343,0
2344,1
2345,0
2346,0
2347,0
2348,0
2349,3
2350,0
2351,0
2352,0
2353,1
2354,0
2355,0
2356,3
2357,3
2358,0
2359,1
2360,0
2361,0
2362,2
2363,3
2364,3
2365,2
2366,3
2367,2
2368,3
2369,0
2370,0
2371,0
2372,0
2373,2
2374,0
2375,3
2376,0
2377,3
2378,3
2379,1
2380,0
2381,3
2382,3
2383,0
2384,2
2385,0
2386,3
2387,3
2388,0
2389,2
2390,0
2391,0
2392,0
2393,1
2394,3
2395,0
2396,1
2397,3
2398,0
2399,1
2400,0
2401,3
2402,2
2403,2
2404,3
2405,0
2406,3
2407,3
2408,1
2409,0
2410,0
2411,1
2412,0
2413,1
2414,3
2415,0
2416,0
2417,2
2418,3
2419,3
2420,3
2421,0
2422,3
2423,3
2424,0
2425,3
2426,1
2427,3
2428,0
2429,2
2430,3
2431,0
2432,0
2433,2
2434,0
2435,3
2436,0
2437,0
2438,0
2439,3
2440,0
2441,3
2442,0
2443,1
2444,2
2445,0
2446,3
2447,2
2448,0
2449,1
2451,2
2452,0
2453,2
2454,3
2455,0
2456,0
2457,0
2458,0
2459,0
2460,3
2461,3
2462,2
2463,0
2464,3
2465,1
2466,3
2467,2
2468,0
2469,2
2470,3
2471,0
2472,0
2473,3
2474,0
2475,2
2476,3
2477,0
2478,3
2479,1
2480,1
2481,0
2482,3
2483,3
2484,2
2485,3
2486,0
2487,0
2488,3
2489,1
2490,0
2491,1
2492,0
2493,0
2494,3
2495,3
2496,0
2497,0
2498,0
2499,0
2500,0
2501,3
2502,3
2503,0
2504,3
2505,0
2506,1
2507,0
2508,2
2509,0
2510,3
2511,3
2512,1
2513,0
2514,2
2515,3
2516,0
2517,0
2518,0
2519,3
2520,3
2521,0
2522,0
2523,0
2524,0
2525,3
2526,0
2527,1
2528,2
2529,0
2530,3
2531,3
2532,3
2533,0
2534,0
2535,1
2536,0
2537,2
2538,3
2539,0
2540,2
2541,0
2542,1
2543,0
2544,0
2545,1
2546,3
2547,3
2548,0
2549,2
2550,0
2551,0
2552,3
2553,2
2554,1
2555,2
2556,3
2557,0
2558,1
2559,3
2560,3
2561,0
2562,3
2563,3
2564,2
2565,1
2566,1
2567,3
2568,0
2569,3
2570,1
2571,3
2572,3
2573,0
2574,3
2575,0
2576,1
2578,3
2579,1
2580,3
2581,2
2582,3
2583,1
2584,0
2585,3
2586,3
2587,0
2588,3
2589,2
2590,3
2591,3
2592,0
2593,3
2594,0
2595,2
2596,0
2597,0
2598,1
2599,0
2600,2
2602,0
2603,0
2604,0
2605,3
2606,1
2607,1
2608,3
2609,2
2610,2
2611,0
2612,3
2613,3
2614,1
2615,0
2616,3
2617,3
2618,2
2619,1
2620,0
2621,0
2622,3
2623,0
2624,0
2625,2
2626,2
2627,2
2628,3
2629,0
2630,3
2631,0
2632,0
2633,3
2634,0
2635,0
2636,3
2637,1
2638,3
2639,1
2640,0
2641,2
2642,3
2643,0
2644,3
2645,0
2646,2
2647,1
2648,0
2649,0
2650,1
2651,0
2652,3
2653,3
2654,3
2655,3
2656,3
2657,3
2658,0
2659,0
2660,0
2662,0
2663,3
2664,3
2666,0
2667,3
2668,3
2669,2
2670,3
2671,1
2672,0
2673,0
2674,3
2675,3
2676,3
2677,1
2678,0
2679,0
2680,2
2681,3
2682,1
2683,2
2684,3
2685,0
2686,1
2687,2
2688,0
2689,3
2690,3
2691,3
2692,3
2693,0
2695,1
2696,0
2697,0
2698,3
2699,0
2700,1
2701,3
2702,0
2703,2
2704,0
2705,0
2706,3
2707,0
2708,2
2709,0
2710,0
2711,0
2712,0
2713,3
2714,0
2715,0
2716,0
2717,2
2718,3
2719,0
2720,0
2721,3
2722,0
2723,2
2724,0
2725,3
2726,0
2727,2
2728,3
2729,0
2730,1
2731,3
2732,1
2733,3
2734,0
2735,3
2736,0
2737,0
2738,3
2739,1
2740,2
2741,0
2742,0
2743,3
2744,3
2745,1
2746,3
2747,0
2748,3
2749,0
2750,2
2751,0
2752,3
2753,0
2754,3
2755,2
2756,3
2757,0
2758,3
2759,3
2760,1
2761,1
2762,3
2763,2
2764,0
2765,3
2766,3
2767,3
2768,3
2769,2
2770,0
2771,0
2772,0
2773,2
2774,2
2775,0
2776,0
2777,0
2778,0
2779,1
2780,2
2781,0
2782,0
2783,2
2784,3
2785,3
2786,3
2787,3
2788,3
2789,0
2790,3
2791,1
2792,3
2793,3
2794,0
2795,1
2796,3
2797,0
2798,3
2799,3
2800,2
2801,3
2802,3
2803,3
2804,3
2805,3
2806,1
2807,0
2808,0
2809,3
2810,0
2811,3
2812,3
2813,2
2814,3
2815,0
2816,0
2817,1
2818,3
2819,3
2820,1
2821,0
2822,1
2823,0
2824,2
2825,3
2826,2
2827,0
2828,0
2829,3
2830,2
2831,3
2832,1
2833,2
2834,3
2835,0
2836,0
2837,0
2838,0
2839,3
2841,0
2842,2
2843,1
2844,2
2845,2
2846,1
2847,3
2848,3
2849,1
2850,1
2851,2
2852,3
2853,0
2854,0
2856,3
2857,3
2858,0
2859,0
2860,2
2861,3
2862,0
2863,3
2864,1
2865,0
2866,0
2867,1
2868,0
2869,3
2870,0
2871,0
2872,2
2873,2
2874,0
2875,1
2876,3
2877,0
2878,0
2879,0
2880,0
2881,2
2882,3
2883,1
2884,0
2885,3
2887,1
2888,0
2889,3
2890,3
2891,0
2892,0
2893,2
2894,0
2895,0
2896,3
2897,0
2898,0
2899,0
2900,1
2901,0
2902,3
2903,3
2904,3
2905,0
2906,3
2907,3
2908,0
2909,2
2910,3
2911,3
2912,1
2913,3
2914,3
2915,3
2916,3
2917,3
2918,2
2919,3
2920,0
2921,0
2922,3
2923,0
2924,0
2925,0
2926,3
2927,2
2928,3
2929,0
2930,2
2931,0
2932,3
2933,1
2934,3
2935,0
2936,3
2937,1
2938,3
2939,0
2940,0
2941,0
2942,2
2943,1
2944,3
2945,0
2946,3
2947,0
2948,0
2949,3
2950,0
2951,0
2952,0
2953,0
2954,1
2955,0
2956,1
2957,0
2958,3
2959,3
2960,2
2961,3
2962,0
2963,3
2964,3
2965,0
2966,0
2967,0
2968,0
2969,2
2970,2
2971,1
2972,0
2974,0
2975,0
2976,1
2977,1
2978,0
2979,2
2980,3
2981,1
2982,0
2983,0
2984,0
2985,3
2987,1
2988,2
2989,3
2990,0
2991,0
2992,3
2993,3
2994,3
2995,0
2996,0
2997,3
2998,0
2999,0
3000,0
3001,0
3002,0
3003,0
3004,0
3005,3
3006,3
3007,0
3008,0
3009,1
3010,3
3011,3
3012,0
3013,1
3014,1
3015,0
3016,0
3017,0
3018,0
3019,0
3020,2
3021,3
3022,3
3023,1
3024,3
3025,3
3026,0
3027,3
3028,0
3029,3
3030,0
3031,2
3032,3
3033,3
3034,0
3035,3
3036,3
3037,3
3038,2
3039,3
3040,3
3041,0
3042,3
3043,0
3044,3
3045,0
3046,3
3047,0
3048,0
3049,1
3050,0
3051,2
3052,3
3053,0
3054,0
3055,0
3056,3
3057,0
3058,0
3059,0
3060,1
3061,0
3062,1
3063,0
3064,0
3065,0
3066,2
3067,0
3068,0
3069,0
3070,3
3071,2
3072,0
3073,0
3074,2
3075,1
3076,0
3077,0
3078,0
3079,3
3080,0
3081,3
3082,3
3083,3
3084,1
3085,3
3086,3
3087,1
3088,3
3089,0
3090,3
3091,3
3092,0
3093,1
3094,0
3095,0
3096,3
3097,0
3098,3
3099,2
3100,0
3101,1
3102,0
3103,0
3104,0
3105,3
3106,0
3107,0
3108,1
3109,0
3110,3
3111,0
3112,0
3113,0
3114,3
3115,3
3116,1
3117,3
3118,3
3119,3
3120,3
3121,3
3122,3
3123,0
3124,1
3125,0
3126,0
3127,2
3128,2
3129,3
3130,1
3131,0
3132,3
3133,2
3134,0
3135,0
3136,2
3137,3
3138,2
3139,0
3140,3
3141,0
3142,0
3143,0
3144,3
3145,3
3146,3
3147,3
3148,3
3149,0
3150,3
3151,0
3152,0
3153,2
3154,3
3155,2
3156,0
3157,0
3158,0
3159,3
3160,3
3161,2
3162,3
3163,3
3164,0
3165,3
3166,3
3167,2
3168,0
3169,1
3170,0
3171,0
3172,3
3173,3
3174,0
3175,3
3176,3
3177,3
3178,0
3179,0
3180,2
3181,0
3182,3
3183,1
3184,2
3185,0
3186,0
3187,2
3188,3
3189,3
3190,0
3191,1
3192,3
3193,3
3194,0
3195,0
3196,0
3197,2
3198,3
3199,2
3200,3
3201,3
3202,2
3203,0
3204,0
3205,0
3206,2
3207,0
3208,1
3209,0
3210,1
3211,0
3212,0
3213,3
3214,3
3215,0
3216,3
3217,3
3218,0
3219,3
3220,3
3221,0
3222,3
3223,3
3224,2
3225,0
3226,3
3227,1
3228,3
3229,2
3230,1
3231,3
3232,3
3233,0
3234,0
3235,2
3236,0
3237,3
3238,3
3239,3
3240,3
3241,3
3242,0
3243,0
3244,3
3245,0
3246,3
3247,0
3248,0
3249,3
3250,3
3251,1
3252,0
3253,0
3254,0
3255,0
3256,0
3257,2
3258,0
3259,2
3260,0
3261,0
3262,3
3263,0
3264,0
3265,0
3266,3
3267,1
3268,0
3269,1
3270,0
3271,0
3272,2
3273,0
3274,0
3275,3
3276,3
3277,0
3278,1
3279,0
3280,2
3281,3
3282,0
3283,3
3284,0
3285,0
3286,3
3287,3
3288,0
3289,0
3290,0
3291,3
3293,3
3294,0
3295,2
3296,2
3297,2
3298,0
3299,1
3300,0
3301,0
3302,2
3303,2
3304,2
3305,0
3306,0
3307,0
3308,0
3309,3
3310,1
3311,3
3312,1
3313,0
3314,3
3315,3
3316,2
3317,0
3318,1
3319,3
3320,3
3321,0
3322,0
3323,2
3324,0
3325,0
3326,3
3327,0
3328,3
3329,3
3330,3
3331,3
3332,0
3333,0
3334,0
3335,1
3336,2
3337,2
3338,0
3339,1
3340,3
3341,3
3342,0
3343,3
3344,0
3345,3
3346,3
3347,0
3348,1
3349,1
3350,3
3351,0
3352,0
3353,0
3354,0
3355,3
3356,3
3357,0
3358,3
3359,0
3360,3
3361,0
3362,3
3363,0
3364,3
3365,2
3366,0
3367,0
3368,0
3369,2
3370,1
3371,3
3372,0
3373,2
3374,1
3375,3
3376,3
3377,3
3378,3
3379,3
3380,0
3381,3
3382,0
3383,3
3384,3
3385,0
3386,1
3387,3
3388,1
3389,0
3390,0
3391,3
3392,0
3393,0
3394,3
3395,0
3396,0
3397,3
3398,0
3399,1
3400,0
3401,0
3402,3
3403,0
3404,0
3405,0
3406,2
3407,3
3408,0
3409,0
3410,3
3411,3
3412,3
3413,3
3414,3
3415,3
3416,0
3417,2
3418,0
3419,0
3420,2
3421,0
3422,3
3423,2
3424,3
3425,3
3426,3
3427,1
3428,2
3429,3
3430,3
3431,0
3432,0
3433,1
3434,0
3435,3
3436,0
3437,0
3438,3
3439,3
3440,0
3441,3
3442,3
3443,0
3444,3
3445,1
3446,3
3447,2
3448,0
3449,1
3450,1
3451,0
3452,0
3453,2
3454,3
3455,3
3456,0
3457,0
3458,3
3459,0
3460,0
3461,3
3462,3
3463,0
3464,2
3465,3
3466,3
3467,1
3468,2
3469,0
3470,0
3471,2
3472,1
3473,0
3474,3
3475,0
3476,3
3477,2
3478,0
3479,0
3480,3
3481,0
3482,2
3483,3
3484,1
3485,0
3486,0
3487,0
3488,0
3489,0
3490,0
3491,1
3492,3
3493,2
3494,1
3495,0
3496,3
3497,0
3498,2
3499,3
3500,0
3501,2
3502,0
3503,2
3504,0
3505,0
3506,2
3507,1
3508,3
3509,2
3510,0
3511,0
3512,0
3513,0
3514,3
3515,0
3516,3
3517,1
3518,3
3519,3
3520,3
3521,0
3522,0
3523,2
3524,0
3525,3
3526,0
3527,3
3528,0
3529,2
3530,3
3531,2
3532,0
3533,0
3534,3
3535,3
3536,0
3537,3
3538,0
3539,3
3540,0
3541,0
3542,0
3543,3
3544,3
3545,3
3546,3
3547,3
3548,0
3549,3
3550,2
3551,0
3552,3
3553,3
3554,2
3555,0
3556,2
3557,0
3558,2
3559,0
3560,1
3561,3
3562,3
3563,0
3564,1
3565,0
3566,0
3567,2
3568,3
3569,3
3570,3
3571,0
3572,3
3573,0
3574,2
3575,0
3576,3
3577,2
3578,3
3579,0
3580,2
3581,2
3582,0
3583,3
3584,0
3585,0
3586,3
3587,0
3588,1
3589,3
3590,0
3591,0
3592,1
3593,2
3594,0
3595,2
3596,0
3597,3
3598,0
3599,3
3600,3
3601,0
3602,0
3603,2
3604,3
3605,0
3606,1
3607,0
3608,3
3609,1
3610,3
3611,0
3612,0
3613,0
3614,0
3615,1
3616,1
3617,2
3618,0
3619,3
3620,2
3621,0
3622,0
3623,0
3624,0
3625,3
3626,1
3627,3
3628,0
3629,1
3630,0
3631,2
3632,0
3633,0
3634,3
3635,2
3636,3
3637,0
3638,0
3639,0
3640,1
3641,3
3642,1
3643,3
3644,0
3645,1
3646,3
3647,3
3648,3
3649,3
3650,3
3651,0
3652,0
3653,0
3654,1
3655,2
3656,2
3657,1
3658,3
3659,0
3660,2
3661,0
3662,1
3663,0
3664,3
3665,1
3666,3
3667,3
3668,0
3669,0
3670,3
3671,3
3672,3
3673,3
3674,0
3675,3
3676,2
3677,2
3678,2
3679,3
3680,3
3681,0
3682,3
3683,0
3684,0
3685,3
3686,0
3687,0
3688,0
3689,0
3690,0
3691,3
3692,3
3693,1
3694,3
3695,0
3696,2
3697,0
3698,1
3699,0
3700,1
3701,0
3702,0
3703,0
3704,3
3705,3
3706,3
3707,0
3708,2
3709,3
3710,2
3711,1
3712,0
3713,3
3714,3
3715,3
3716,3
3717,3
3718,1
3719,1
3720,3
3721,3
3722,0
3723,3
3724,1
3725,0
3726,3
3727,0
3728,0
3729,1
3730,3
3731,0
3732,1
3733,3
3734,0
3735,2
3736,3
3737,0
3738,3
3739,2
3740,3
3741,1
3742,3
3743,1
3744,0
3745,3
3746,0
3747,0
3748,0
3749,3
3750,3
3751,0
3752,2
3753,3
3754,2
3755,2
3756,3
3757,0
3758,3
3759,0
3760,0
3761,0
3762,2
3763,2
3764,3
3765,3
3766,0
3767,3
3768,0
3769,3
3770,3
3771,0
3772,3
3773,1
3774,1
3775,0
3776,3
3777,1
3778,0
3779,1
3780,3
3781,2
3782,0
3783,0
3784,3
3785,3
3786,0
3787,0
3788,0
3789,0
3790,3
3791,1
3792,1
3793,0
3794,0
3795,0
3796,0
3797,3
3798,1
3799,0
3800,2
3801,0
3802,0
3803,1
3804,1
3805,0
3806,0
3807,3
3808,0
3809,3
3810,3
3811,1
3812,3
3813,2
3814,0
3815,1
3816,2
3817,3
3818,0
3819,1
3820,1
3821,0
3822,3
3823,0
3824,1
3825,0
3826,3
3827,3
3828,0
3830,2
3831,3
3832,0
3833,0
3834,0
3835,0
3836,0
3837,0
3838,2
3839,3
3840,0
3841,0
3842,1
3843,3
3844,0
3845,0
3846,1
3847,0
3848,3
3849,0
3850,3
3851,0
3853,0
3854,0
3855,3
3856,3
3857,3
3858,0
3859,0
3860,1
3861,1
3862,0
3863,0
3864,0
3865,3
3866,1
3867,0
3868,2
3869,0
3870,0
3871,3
3872,3
3873,0
3874,3
3875,0
3876,1
3877,0
3878,0
3879,2
3880,0
3881,3
3882,0
3883,3
3884,3
3885,0
3886,3
3887,0
3888,0
3889,2
3890,3
3891,0
3892,0
3893,3
3894,0
3895,0
3896,3
3897,0
3898,0
3899,0
3900,3
3901,3
3902,1
3903,0
3904,0
3905,2
3906,3
3907,0
3908,0
3909,3
3910,0
3911,1
3912,3
3913,0
3914,3
3915,0
3916,3
3917,0
3918,2
3919,0
3920,0
3921,3
3922,0
3923,3
3924,0
3925,2
3926,2
3927,0
3928,0
3929,3
3930,1
3931,0
3932,0
3933,0
3934,3
3935,3
3936,0
3937,0
3938,2
3939,1
3940,3
3941,3
3942,3
3943,3
3944,3
3945,3
3946,3
3947,3
3948,0
3949,0
3950,0
3951,3
3952,0
3953,1
3954,3
3955,3
3956,0
3957,2
3958,1
3959,3
3960,3
3961,3
3962,0
3963,3
3964,3
3965,3
3966,0
3967,1
3968,3
3969,3
3970,0
3971,0
3972,0
3973,3
3974,0
3975,3
3976,3
3977,2
3978,3
3979,2
3980,2
3981,0
3982,0
3983,2
3984,3
3985,3
3986,3
3987,0
3988,1
3989,0
3990,0
3991,1
3992,0
3993,2
3994,1
3995,3
3996,3
3997,0
3998,0
3999,3
4000,3
4001,0
4002,0
4003,0
4004,1
4005,2
4006,1
4007,0
4008,2
4009,3
4010,3
4011,0
4012,3
4013,2
4014,3
4015,0
4016,2
4017,3
4018,0
4019,3
4020,0
4021,0
4022,2
4023,0
4024,1
4025,2
4026,3
4027,0
4028,3
4029,3
4030,0
4031,0
4032,0
4033,3
4034,3
4035,3
4036,1
4037,0
4038,3
4039,3
4040,3
4041,0
4042,1
4043,0
4044,3
4045,2
4046,0
4047,0
4048,0
4049,0
4050,3
4051,0
4052,1
4053,3
4054,0
4055,0
4056,3
4057,0
4058,1
4059,3
4060,1
4061,0
4062,3
4063,0
4064,0
4065,0
4066,2
4067,3
4068,0
4069,0
4070,0
4071,0
4072,3
4073,1
4074,0
4075,1
4076,1
4077,3
4078,0
4079,2
4080,3
4081,3
4082,3
4083,0
4084,3
4085,0
4086,3
4087,1
4088,0
4089,3
4090,3
4091,0
4092,0
4093,0
4094,3
4095,0
4096,0
4097,0
4098,0
4099,0
4100,3
4101,3
4102,0
4103,3
4104,0
4105,3
4106,3
4107,3
4108,0
4109,2
4110,0
4111,1
4112,0
4113,2
4114,3
4115,0
4116,2
4117,1
4118,3
4119,0
4120,0
4121,2
4122,0
4123,0
4124,0
4125,1
4126,3
4127,0
4128,3
4129,1
4130,1
4131,0
4132,3
4133,3
4134,1
4135,1
4136,3
4137,3
4138,0
4139,3
4140,3
4141,0
4142,1
4143,0
4144,3
4145,0
4146,0
4147,2
4148,3
4149,3
4150,2
4151,0
4152,0
4153,2
4154,0
4155,0
4156,0
4157,3
4158,1
4159,2
4160,3
4161,0
4162,0
4163,0
4164,2
4165,0
4166,0
4167,1
4168,3
4169,2
4170,0
4171,0
4172,0
4173,0
4174,0
4175,3
4176,0
4177,3
4178,0
4179,0
4180,0
4181,2
4182,0
4183,0
4184,1
4185,0
4186,2
4187,2
4188,0
4189,0
4190,2
4191,2
4192,0
4193,3
4194,3
4195,3
4196,3
4197,3
4198,0
4199,2
4200,2
4201,0
4202,2
4203,3
4204,1
4205,3
4206,0
4207,0
4208,0
4209,0
4210,3
4211,0
4212,2
4213,3
4214,0
4215,0
4216,0
4217,1
4218,0
4219,3
4220,3
4221,3
4222,0
4223,0
4224,3
4225,2
4226,3
4227,3
4228,3
4229,2
4230,3
4231,3
4232,3
4233,3
4234,3
4235,3
4236,0
4237,0
4238,2
4239,0
4240,0
4241,0
4242,3
4243,0
4244,1
4245,0
4246,3
4247,1
4248,3
4249,2
4250,1
4251,3
4252,1
4253,3
4254,3
4255,3
4256,0
4257,2
4258,3
4259,0
4260,0
4261,3
4263,0
4264,0
4265,2
4266,0
4267,0
4268,3
4269,0
4270,3
4271,1
4272,2
4273,0
4274,0
4275,3
4276,2
4277,1
4278,2
4279,3
4280,3
4281,3
4282,3
4283,0
4284,0
4285,0
4286,0
4287,1
4288,0
4289,3
4290,2
4291,0
4292,0
4293,0
4294,1
4295,3
4296,3
4297,2
4298,3
4299,3
4300,0
4301,0
4302,3
4303,3
4304,0
4305,3
4306,3
4307,3
4308,2
4309,0
4310,0
4311,0
4312,0
4313,0
4314,0
4315,0
4316,3
4317,0
4318,2
4319,0
4320,2
4321,0
4322,3
4323,3
4324,3
4325,0
4326,3
4327,0
4328,0
4329,0
4330,3
4331,3
4332,1
4333,2
4334,0
4335,3
4336,0
4337,3
4338,3
4339,0
4340,3
4341,3
4342,3
4343,0
4344,1
4345,0
4346,0
4347,0
4348,3
4349,3
4350,3
4351,1
4352,3
4353,0
4354,3
4355,0
4356,0
4357,3
4358,0
4359,0
4360,1
4361,1
4362,0
4363,0
4364,3
4365,1
4366,0
4367,3
4369,3
4370,0
4371,1
4372,3
4373,0
4374,3
4375,3
4376,2
4377,0
4378,0
4379,1
4380,3
4381,3
4382,3
4383,0
4384,0
4385,1
4386,0
4387,0
4388,2
4389,1
4390,3
4391,3
4392,0
4393,1
4394,2
4395,0
4396,0
4397,3
4398,0
4399,2
4400,3
4401,1
4402,2
4403,3
4404,3
4405,0
4406,2
4407,2
4408,0
4409,0
4410,1
4411,3
4412,2
4413,0
4414,0
4415,3
4416,3
4417,2
4418,1
4419,0
4420,3
4421,3
4422,2
4423,0
4424,3
4425,0
4426,3
4427,3
4428,1
4429,0
4430,1
4431,0
4432,2
4433,3
4434,3
4435,2
4436,3
4437,1
4438,3
4439,0
4440,3
4441,1
4442,0
4443,0
4444,2
4445,1
4446,3
4447,0
4448,1
4449,0
4450,3
4451,0
4452,3
4453,0
4454,2
4455,3
4456,3
4457,3
4458,0
4459,3
4460,2
4461,1
4462,2
4463,3
4464,2
4465,3
4466,0
4467,0
4468,0
4469,3
4470,2
4471,3
4472,0
4473,3
4474,3
4475,0
4476,2
4477,2
4478,3
4479,2
4480,1
4481,3
4482,0
4483,0
4484,3
4485,1
4486,0
4487,2
4488,0
4489,3
4490,0
4491,2
4492,3
4494,3
4495,3
4496,2
4497,0
4498,0
4499,3
4500,3
4501,3
4502,0
4503,0
4504,0
4505,3
4506,0
4507,0
4508,0
4509,0
4510,3
4511,0
4512,2
4513,3
4514,2
4515,0
4516,0
4517,2
4518,0
4519,0
4520,3
4521,0
4522,3
4523,3
4524,0
4525,1
4526,0
4527,1
4528,3
4529,2
4530,2
4531,0
4532,0
4533,1
4534,1
4535,3
4536,2
4537,3
4538,0
4539,2
4540,0
4541,0
4542,0
4543,3
4544,0
4545,0
4546,1
4547,3
4548,0
4549,3
4550,3
4551,3
4552,2
4553,0
4554,1
4556,3
4557,2
4558,1
4559,3
4560,3
4561,2
4562,3
4563,3
4564,3
4565,1
4566,1
4567,2
4568,2
4569,0
4570,1
4571,0
4572,0
4573,0
4574,3
4575,3
4576,1
4577,0
4578,0
4579,2
4580,3
4581,0
4582,2
4583,3
4584,3
4585,0
4586,0
4587,0
4588,2
4589,1
4590,3
4591,0
4592,0
4593,0
4594,3
4595,2
4596,2
4597,3
4598,0
4599,2
4600,0
4601,1
4602,0
4603,1
4604,3
4605,0
4606,0
4607,0
4608,0
4609,0
4610,3
4611,0
4612,0
4613,3
4614,0
4615,0
4616,1
4617,0
4618,2
4619,3
4620,3
4621,3
4622,0
4623,0
4624,3
4625,1
4626,0
4627,2
4628,3
4629,0
4630,0
4631,0
4632,0
4633,3
4634,1
4635,0
4636,3
4637,3
4638,1
4639,3
4640,1
4641,0
4642,0
4643,0
4644,1
4645,0
4646,3
4647,0
4648,0
4649,1
4650,3
4651,0
4652,0
4653,3
4654,2
4655,0
4656,0
4657,2
4658,0
4659,2
4660,0
4661,3
4662,0
4663,2
4664,0
4665,2
4666,3
4667,2
4668,3
4669,3
4670,0
4671,3
4672,0
4673,2
4674,3
4675,0
4676,0
4677,3
4678,3
4679,3
4680,1
4681,0
4682,0
4683,2
4684,3
4685,1
4686,3
4687,0
4688,0
4689,0
4690,3
4691,0
4692,1
4693,0
4694,0
4695,0
4696,3
4697,2
4698,2
4699,0
4700,2
4701,0
4702,3
4703,0
4704,2
4705,0
4706,3
4707,2
4708,3
4709,0
4710,1
4711,3
4712,3
4713,2
4714,1
4715,0
4716,1
4717,0
4718,0
4719,0
4720,3
4721,2
4722,0
4723,0
4724,1
4725,3
4726,3
4727,0
4728,0
4729,0
4730,3
4731,3
4732,3
4733,0
4734,0
4735,0
4736,1
4737,3
4738,0
4739,3
4740,1
4741,0
4742,3
4743,3
4744,0
4745,3
4746,1
4747,3
4748,0
4749,0
4750,2
4751,3
4752,0
4753,0
4754,3
4755,0
4756,3
4757,3
4758,2
4759,3
4760,3
4761,3
4762,0
4763,0
4764,0
4765,3
4766,0
4767,1
4768,2
4769,0
4770,2
4771,1
4772,0
4773,0
4774,1
4775,3
4776,3
4777,1
4778,2
4779,3
4780,3
4781,2
4782,0
4783,3
4784,1
4785,0
4786,3
4787,3
4788,0
4789,3
4790,0
4791,3
4792,3
4793,0
4794,3
4795,3
4796,3
4797,1
4798,3
4799,3
4800,3
4802,0
4803,0
4804,1
4805,0
4806,2
4807,2
4808,0
4809,0
4810,0
4811,1
4812,2
4813,0
4814,1
4815,2
4816,0
4817,0
4818,0
4819,3
4820,0
4821,1
4822,3
4823,0
4824,0
4825,3
4826,1
4827,0
4828,1
4829,0
4830,3
4831,3
4832,3
4833,3
4834,0
4835,1
4836,0
4837,3
4838,3
4839,3
4840,0
4841,3
4842,0
4843,1
4844,0
4845,0
4846,2
4847,3
4848,3
4849,3
4850,1
4851,3
4852,0
4853,0
4854,3
4855,2
4856,0
4857,0
4858,0
4859,0
4860,3
4861,2
4862,0
4863,2
4864,0
4865,0
4866,3
4867,3
4868,0
4869,0
4870,3
4871,0
4872,0
4873,1
4874,3
4875,2
4876,2
4877,2
4878,0
4879,3
4880,0
4881,1
4882,0
4883,0
4884,0
4885,3
4886,1
4887,0
4888,3
4889,3
4890,0
4891,0
4892,0
4893,3
4894,0
4895,1
4896,0
4897,0
4898,0
4899,3
4900,0
4901,2
4902,3
4903,3
4904,2
4905,3
4906,0
4907,2
4908,3
4909,3
4910,0
4911,2
4912,3
4913,0
4914,2
4915,3
4916,2
4917,3
4918,0
4919,0
4920,0
4921,0
4922,2
4923,1
4924,0
4925,0
4926,2
4928,0
4929,2
4930,2
4931,2
4932,0
4933,3
4934,1
4935,3
4936,2
4937,3
4938,0
4939,2
4940,3
4941,2
4942,0
4943,2
4944,3
4945,3
4946,3
4947,1
4948,0
4949,0
4950,1
4951,1
4952,3
4953,3
4954,0
4955,0
4956,0
4957,0
4958,0
4959,2
4960,3
4961,1
4962,3
4963,3
4964,3
4965,3
4966,0
4967,2
4968,0
4969,2
4970,1
4971,0
4972,1
4973,0
4974,3
4975,0
4976,0
4977,1
4978,0
4979,1
4980,2
4981,0
4982,0
4983,3
4984,0
4985,0
4986,3
4987,3
4988,3
4989,0
4990,1
4991,2
4992,0
4993,0
4994,0
4995,3
4996,3
4997,2
4998,3
4999,0
5000,0
5001,2
5002,0
5003,0
5004,2
5005,0
5006,1
5007,3
5008,0
5009,3
5010,3
5011,2
5012,3
5013,2
5014,0
5015,2
5016,0
5017,3
5018,0
5019,0
5020,0
5021,0
5022,3
5023,0
5024,3
5025,0
5026,3
5027,3
5028,2
5029,1
5030,3
5031,0
5032,0
5033,2
5034,1
5035,3
5036,0
5037,3
5038,0
5039,0
5040,3
5041,0
5042,0
5043,3
5044,3
5045,0
5046,0
5047,2
5048,3
5049,2
5050,2
5051,3
5052,3
5053,2
5054,2
5055,1
5056,0
5057,0
5058,3
5059,0
5060,0
5061,0
5062,0
5063,3
5064,0
5065,3
5066,3
5067,3
5068,2
5069,0
5070,3
5071,2
5072,2
5073,0
5074,3
5075,0
5076,1
5077,0
5078,0
5079,0
5080,0
5081,0
5082,3
5083,3
5084,2
5085,2
5086,0
5087,1
5088,0
5089,0
5090,3
5091,3
5092,0
5093,2
5094,0
5095,3
5096,0
5097,2
5098,3
5099,0
5100,3
5101,1
5102,3
5103,1
5104,2
5105,0
5106,0
5107,3
5108,0
5109,0
5110,0
5111,3
5112,3
5113,3
5114,1
5115,0
5116,3
5117,3
5118,1
5119,0
5120,3
5121,0
5122,3
5123,0
5124,1
5125,2
5126,3
5127,3
5128,3
5129,3
5130,0
5131,0
5132,0
5133,0
5134,0
5135,0
5136,3
5137,3
5138,2
5139,3
5140,3
5141,0
5142,1
5143,0
5144,0
5145,3
5146,2
5147,2
5148,3
5149,0
5150,0
5151,0
5152,3
5153,0
5154,3
5155,3
5156,0
5157,1
5158,2
5159,1
5160,1
5161,1
5162,1
5163,3
5164,0
5165,2
5166,0
5167,3
5168,2
5169,0
5170,0
5171,0
5172,1
5173,2
5174,0
5175,2
5176,0
5177,0
5178,0
5179,3
5180,0
5181,0
5182,3
5183,0
5184,0
5185,3
5186,2
5187,3
5188,1
5189,0
5190,2
5191,3
5192,3
5193,0
5194,0
5195,1
5196,3
5197,2
5198,2
5199,3
5200,2
5201,3
5202,3
5203,2
5204,3
5205,1
5206,3
5207,2
5208,0
5209,0
5210,0
5211,3
5212,3
5213,3
5214,3
5215,1
5216,2
5217,2
5218,0
5219,3
5220,3
5221,0
5222,3
5223,0
5224,0
5225,3
5226,1
5227,3
5228,1
5229,2
5230,3
5231,3
5232,0
5233,0
5234,2
5235,0
5236,2
5237,0
5238,2
5239,3
5241,3
5242,3
5243,0
5244,3
5245,2
5246,0
5247,0
5248,0
5249,3
5250,3
5251,0
5252,1
5253,0
5254,3
5255,1
5256,3
5257,3
5258,0
5259,0
5260,0
5261,0
5262,0
5263,0
5264,2
5265,0
5266,3
5267,2
5268,3
5269,1
5270,3
5271,3
5272,3
5274,0
5275,0
5276,3
5277,0
5278,0
5279,3
5280,2
5281,0
5282,0
5283,2
5284,3
5285,0
5286,2
5287,0
5288,3
5289,3
5290,0
5291,0
5292,0
5293,2
5294,0
5295,0
5296,2
5297,2
5298,2
5299,0
5300,2
5301,2
5302,2
5303,0
5304,0
5305,3
5306,0
5307,0
5308,3
5309,0
5310,1
5311,2
5312,0
5313,0
5314,3
5315,1
5316,3
5317,1
5318,0
5319,3
5320,0
5321,2
5322,1
5323,0
5324,3
5325,0
5326,3
5327,2
5328,0
5329,0
5330,3
5331,2
5332,0
5333,3
5334,0
5335,0
5336,0
5337,3
5338,0
5339,0
5340,0
5341,1
5342,0
5343,0
5344,0
5345,0
5346,1
5347,0
5348,0
5349,3
5350,0
5351,3
5352,0
5353,3
5354,0
5355,0
5356,1
5357,0
5358,0
5359,2
5360,0
5361,1
5362,0
5363,3
5364,2
5365,3
5366,1
5367,3
5368,3
5369,3
5370,0
5371,2
5372,3
5373,0
5374,0
5375,0
5376,0
5377,3
5378,3
5379,0
5380,0
5381,3
5382,2
5383,3
5384,1
5385,0
5386,3
5387,1
5388,2
5389,0
5390,0
5391,3
5392,3
5393,0
5395,2
5396,3
5397,0
5398,0
5399,1
5400,0
5401,1
5402,3
5403,2
5404,3
5405,0
5406,0
5407,0
5408,0
5409,0
5410,2
5411,2
5412,3
5413,2
5414,3
5415,0
5416,3
5417,2
5418,3
5419,3
5420,0
5421,3
5422,1
5423,3
5424,3
5425,3
5426,3
5427,2
5428,3
5429,3
5430,3
5431,2
5432,0
5433,3
5434,0
5435,1
5436,0
5437,0
5438,3
5439,3
5440,2
5441,0
5442,3
5443,0
5444,0
5445,2
5446,2
5447,3
5448,1
5449,3
5450,1
5451,3
5452,0
5453,3
5454,2
5455,1
5456,1
5457,0
5458,0
5459,1
5460,3
5461,3
5462,0
5463,0
5464,0
5465,3
5466,0
5467,3
5468,0
5469,3
5470,3
5471,3
5472,0
5473,3
5474,3
5475,3
5476,0
5477,2
5478,0
5479,0
5480,2
5481,2
5482,1
5483,0
5484,3
5485,3
5486,0
5487,0
5488,3
5489,0
5490,2
5491,2
5492,3
5493,2
5494,3
5495,0
5496,3
5497,3
5498,0
5499,0
5501,0
5502,0
5503,3
5504,0
5505,3
5506,0
5507,1
5508,1
5509,0
5510,0
5511,3
5512,0
5513,3
5514,0
5515,0
5516,0
5517,0
5518,3
5519,2
5520,3
5521,3
5522,0
5523,0
5524,0
5525,3
5526,0
5527,3
5528,0
5529,0
5530,0
5531,3
5532,0
5533,2
5534,3
5535,0
5536,0
5537,3
5538,3
5539,1
5540,3
5541,3
5542,3
5543,3
5544,0
5546,0
5547,0
5548,2
5549,2
5550,3
5551,0
5552,3
5553,0
5554,1
5555,0
5556,1
5557,0
5558,0
5559,3
5560,2
5561,0
5562,0
5563,2
5564,2
5565,2
5566,0
5567,0
5568,0
5569,3
5570,2
5571,1
5572,0
5573,3
5574,0
5575,0
5576,3
5577,3
5578,3
5579,2
5580,3
5581,1
5582,2
5583,2
5584,3
5585,2
5586,0
5587,0
5588,3
5589,0
5590,3
5591,3
5592,0
5593,0
5594,2
5595,0
5596,0
5597,0
5598,0
5599,3
5600,3
5601,0
5602,3
5603,0
5604,0
5605,0
5606,2
5607,0
5608,3
5609,3
5610,0
5611,0
5612,2
5613,3
5614,0
5615,3
5616,0
5617,0
5618,3
5619,0
5620,3
5621,3
5622,2
5623,0
5624,2
5625,3
5626,3
5627,0
5628,0
5629,3
5630,0
5631,0
5632,0
5633,3
5634,0
5635,0
5636,0
5637,3
5638,0
5639,0
5640,2
5641,0
5642,1
5643,3
5644,2
5645,3
5646,0
5647,3
5648,2
5649,1
5650,0
5651,3
5652,3
5653,3
5654,2
5655,3
5656,0
5657,2
5658,2
5659,0
5660,2
5661,3
5662,1
5663,3
5664,0
5665,2
5666,0
5667,3
5668,3
5669,1
5670,0
5671,2
5672,2
5673,0
5674,2
5675,3
5676,0
5677,0
5678,0
5679,3
5680,3
5681,0
5682,2
5683,3
5684,3
5685,3
5686,0
5687,2
5688,3
5689,3
5690,0
5691,2
5692,0
5693,3
5694,0
5695,0
5696,3
5697,1
5698,0
5699,0
5700,3
5701,1
5702,0
5703,0
5704,3
5705,3
5706,0
5707,3
5708,0
5709,0
5710,0
5711,3
5712,0
5713,3
5714,3
5715,2
5716,0
5717,3
5718,0
5719,2
5720,3
5721,3
5722,3
5723,0
5724,3
5725,3
5726,0
5727,2
5728,3
5729,0
5730,3
5731,2
5732,3
5733,3
5734,0
5735,0
5736,0
5737,1
5738,3
5739,2
5740,0
5741,2
5742,0
5743,0
5744,3
5745,0
5746,3
5747,3
5748,0
5749,2
5750,0
5751,0
5752,2
5753,1
5754,3
5755,2
5756,0
5757,0
5758,1
5759,2
5760,0
5761,1
5762,3
5763,2
5764,3
5765,0
5766,3
5767,0
5768,1
5769,0
5770,0
5771,1
5772,3
5773,0
5774,3
5775,2
5776,0
5777,3
5778,2
5779,1
5780,3
5781,2
5782,0
5783,3
5784,2
5785,0
5786,3
5787,2
5788,3
5789,3
5790,0
5791,3
5792,3
5793,0
5794,1
5795,3
5796,3
5797,2
5798,0
5799,0
5800,3
5801,0
5802,0
5803,2
5804,3
5805,2
5806,0
5807,3
5808,0
5809,1
5810,0
5811,0
5812,3
5813,3
5814,0
5815,2
5816,0
5817,0
5818,0
5819,0
5820,0
5821,2
5822,0
5823,1
5824,2
5825,0
5826,0
5827,0
5828,2
5829,3
5830,1
5831,0
5832,3
5833,0
5834,0
5835,0
5836,2
5837,3
5838,3
5839,3
5840,3
5841,0
5842,1
5843,0
5844,3
5845,2
5846,0
5847,0
5848,3
5849,3
5850,0
5851,0
5852,3
5853,3
5854,0
5855,3
5856,3
5857,0
5858,0
5859,2
5860,0
5861,3
5862,0
5863,3
5864,0
5865,2
5866,0
5867,2
5868,3
5869,0
5870,3
5871,0
5872,0
5873,2
5874,3
5875,2
5876,3
5877,3
5878,2
5879,3
5880,0
5881,0
5882,1
5883,1
5884,0
5885,0
5886,3
5887,0
5888,0
5889,0
5890,3
5891,3
5892,1
5893,0
5894,0
5895,0
5896,0
5897,2
5898,0
5899,3
5900,3
5901,1
5902,3
5903,0
5904,2
5905,3
5906,3
5907,2
5908,0
5909,0
5910,3
5911,0
5912,1
5913,2
5914,3
5915,1
5916,0
5917,0
5918,3
5919,0
5920,0
5921,3
5922,0
5923,3
5924,3
5925,0
5926,3
5927,2
5928,0
5929,2
5930,0
5931,1
5932,0
5933,1
5934,1
5935,0
5936,2
5937,0
5938,2
5939,1
5940,0
5941,2
5942,0
5943,3
5944,3
5945,0
5946,3
5947,0
5948,0
5949,0
5950,0
5951,2
5952,2
5953,0
5954,3
5955,3
5956,0
5957,0
5958,3
5959,3
5960,0
5961,1
5962,0
5963,1
5964,3
5965,2
5966,0
5967,0
5968,1
5969,0
5970,3
5971,2
5972,0
5973,3
5974,3
5975,1
5976,2
5977,3
5978,0
5979,0
5980,1
5981,3
5982,3
5983,3
5984,3
5985,0
5986,1
5987,3
5988,0
5989,2
5990,3
5991,0
5992,3
5993,0
5994,2
5996,0
5997,1
5998,3
5999,3
6000,1
6001,1
6002,0
6003,2
6004,0
6005,3
6006,3
6007,0
6008,3
6009,0
6010,0
6011,3
6012,3
6013,0
6014,3
6015,3
6016,0
6017,3
6018,3
6019,0
6020,3
6021,0
6022,3
6023,2
6024,0
6025,2
6026,0
6027,0
6028,0
6029,0
6030,0
6031,0
6032,0
6033,0
6034,3
6035,0
6036,0
6037,0
6038,1
6039,0
6040,0
6041,3
6042,0
6043,0
6044,0
6045,0
6046,0
6047,3
6048,3
6049,2
6050,2
6051,0
6052,1
6053,3
6054,3
6055,3
6056,3
6057,0
6058,0
6059,0
6060,2
6061,0
6062,0
6063,1
6064,3
6065,2
6066,1
6067,3
6068,3
6069,1
6070,3
6071,3
6073,0
6074,0
6075,0
6076,0
6077,0
6078,3
6079,0
6080,3
6081,3
6082,3
6083,0
6084,1
6085,3
6086,2
6087,3
6088,2
6089,2
6090,3
6091,0
6092,2
6093,0
6094,0
6095,3
6096,0
6097,0
6098,3
6099,3
6100,0
6101,2
6102,3
6103,3
6104,3
6105,1
6106,0
6107,3
6108,2
6109,2
6110,2
6111,0
6112,0
6113,3
6114,0
6115,3
6116,1
6117,1
6118,0
6119,1
6120,3
6121,0
6122,3
6123,0
6124,1
6125,2
6126,3
6127,0
6128,1
6129,0
6130,2
6131,3
6132,0
6133,0
6134,0
6135,0
6136,1
6137,2
6138,0
6139,0
6140,3
6141,0
6142,1
6143,2
6144,1
6145,0
6146,3
6147,1
6148,1
6149,3
6150,3
6151,0
6152,1
6153,1
6154,3
6155,3
6156,2
6157,0
6158,0
6159,3
6160,3
6161,3
6162,3
6163,3
6164,1
6165,2
6166,3
6167,0
6168,2
6169,0
6170,0
6171,3
6172,0
6173,0
6174,3
6175,3
6176,0
6177,3
6178,2
6179,3
6180,0
6181,0
6182,0
6183,0
6184,3
6185,1
6186,0
6187,2
6188,1
6189,1
6191,0
6192,0
6193,0
6194,3
6195,3
6196,0
6197,0
6198,3
6199,2
6200,0
6201,0
6202,0
6203,3
6204,1
6205,3
6206,0
6207,1
6208,0
6209,3
6210,0
6211,3
6212,3
6213,2
6214,1
6215,0
6216,0
6217,0
6218,0
6219,0
6220,0
6221,3
6222,2
6223,0
6224,0
6225,3
6226,1
6227,0
6228,1
6229,2
6230,2
6231,3
6232,0
6233,3
6234,0
6235,1
6236,2
6237,3
6238,1
6239,3
6240,3
6241,0
6242,3
6243,0
6244,3
6245,0
6246,0
6247,0
6248,2
6249,3
6250,3
6251,0
6252,0
6253,2
6254,3
6255,2
6256,2
6257,3
6258,0
6259,3
6260,0
6261,0
6262,0
6263,2
6264,0
6265,0
6266,2
6267,1
6268,3
6269,3
6270,3
6271,3
6272,0
6273,0
6274,0
6275,3
6276,0
6277,3
6278,3
6279,2
6280,3
6281,2
6282,3
6283,0
6284,0
6285,2
6286,0
6287,2
6288,2
6289,3
6290,3
6291,0
6292,1
6293,0
6294,3
6295,3
6296,0
6297,0
6298,1
6299,3
6300,3
6301,3
6302,0
6303,2
6304,3
6305,2
6306,0
6307,2
6308,0
6309,0
6310,0
6311,0
6312,0
6313,3
6314,0
6315,0
6316,2
6318,3
6319,2
6320,0
6321,1
6322,0
6323,0
6324,1
6325,0
6326,3
6327,3
6328,0
6329,1
6330,0
6331,0
6332,0
6333,3
6334,3
6335,1
6336,3
6337,3
6338,2
6339,0
6340,1
6341,2
6342,2
6343,0
6344,0
6345,3
6346,2
6347,0
6348,3
6349,1
6350,2
6351,0
6352,3
6353,0
6354,1
6355,0
6356,2
6357,3
6358,3
6359,2
6360,3
6361,3
6362,0
6363,0
6364,3
6365,3
6366,0
6367,0
6368,3
6369,0
6370,3
6371,1
6372,1
6373,0
6374,0
6375,2
6376,3
6377,0
6378,3
6379,3
6380,3
6381,0
6382,0
6383,0
6384,1
6385,0
6386,3
6387,0
6388,2
6389,0
6390,0
6391,0
6392,3
6393,2
6394,1
6395,3
6396,1
6397,3
6398,3
6399,3
6400,3
6401,0
6402,2
6403,0
6404,3
6405,2
6406,0
6407,3
6408,0
6409,0
6410,0
6411,3
6412,2
6413,0
6414,0
6415,0
6416,3
6417,3
6418,2
6419,3
6420,3
6421,0
6422,0
6423,3
6424,2
6425,3
6426,3
6427,3
6428,2
6429,0
6430,2
6431,0
6432,0
6433,0
6434,0
6435,3
6436,0
6437,0
6438,0
6439,0
6440,3
6441,0
6442,3
6443,0
6444,3
6445,3
6446,3
6447,0
6448,2
6449,3
6450,0
6451,0
6452,0
6453,0
6454,0
6455,3
6456,0
6457,2
6458,1
6459,2
6460,0
6461,2
6462,1
6463,0
6464,0
6465,0
6466,3
6467,0
6468,0
6469,0
6470,2
6471,0
6472,2
6473,2
6474,2
6475,0
6476,3
6477,0
6478,3
6479,0
6480,2
6481,0
6482,0
6483,0
6484,3
6485,0
6486,0
6487,0
6488,2
6489,0
6490,0
6491,3
6492,3
6493,0
6494,2
6495,1
6496,3
6497,0
6498,3
6499,0
6500,3
6501,0
6502,1
6503,0
6504,0
6505,3
6506,0
6507,0
6508,3
6509,1
6510,3
6511,0
6512,3
6513,0
6514,2
6515,0
6516,3
6517,3
6518,3
6519,1
6520,1
6521,2
6523,3
6524,3
6525,0
6526,3
6527,0
6528,0
6529,2
6530,3
6531,0
6532,2
6533,0
6534,0
6535,3
6536,3
6537,3
6538,0
6539,0
6540,0
6541,1
6542,3
6543,3
6544,0
6545,0
6546,3
6547,3
6548,1
6549,1
6550,3
6551,0
6552,0
6553,2
6554,3
6555,1
6556,0
6557,3
6558,0
6559,1
6560,2
6561,3
6562,0
6563,0
6564,0
6565,3
6566,2
6567,0
6568,3
6569,3
6570,0
6571,2
6572,0
6573,2
6574,3
6575,0
6576,0
6577,1
6578,1
6579,3
6580,0
6581,2
6582,3
6583,0
6584,2
6585,2
6586,3
6587,2
6588,0
6589,0
6590,0
6591,3
6592,3
6593,3
6594,1
6595,1
6596,1
6597,0
6598,1
6599,3
6600,0
6601,0
6602,3
6603,3
6604,0
6605,3
6606,0
6607,1
6608,1
6609,0
6610,0
6611,3
6612,0
6614,0
6615,2
6616,3
6617,3
6618,0
6619,0
6620,3
6621,0
6622,0
6623,2
6624,0
6625,1
6626,3
6627,1
6628,1
6629,1
6630,2
6631,0
6632,0
6633,0
6634,0
6635,2
6636,1
6637,3
6638,0
6639,1
6640,0
6641,3
6642,0
6643,2
6644,1
6645,0
6646,0
6647,0
6648,0
6649,3
6650,0
6651,1
6652,3
6653,1
6654,3
6655,0
6656,0
6657,1
6658,3
6659,0
6660,2
6661,3
6662,0
6663,0
6664,2
6665,0
6666,1
6667,0
6668,0
6669,2
6670,3
6671,2
6672,2
6673,0
6674,0
6675,0
6676,0
6677,2
6678,1
6679,1
6680,0
6681,0
6682,1
6683,0
6684,3
6685,3
6686,0
6687,1
6688,2
6689,0
6690,3
6691,3
6692,3
6693,0
6694,0
6695,0
6696,2
6697,3
6698,0
6699,3
6700,3
6701,3
6702,0
6703,0
6704,3
6705,1
6706,0
6707,2
6708,3
6709,3
6710,3
6711,0
6712,1
6713,0
6714,0
6715,0
6716,3
6717,1
6718,0
6719,0
6720,3
6721,3
6722,3
6723,0
6724,2
6725,2
6726,3
6727,2
6728,0
6729,3
6730,2
6731,3
6732,3
6733,1
6734,3
6735,3
6736,0
6737,2
6738,3
6739,2
6740,2
6741,1
6742,3
6743,1
6744,1
6745,0
6746,2
6747,3
6748,0
6749,1
6750,0
6751,0
6752,3
6753,0
6754,0
6755,2
6756,3
6757,3
6758,3
6759,2
6760,0
6761,0
6762,1
6763,0
6764,0
6765,0
6766,1
6767,2
6768,3
6769,0
6770,0
6771,0
6772,0
6773,3
6774,0
6775,0
6776,3
6777,1
6778,0
6779,0
6780,3
6781,0
6782,0
6783,0
6784,0
6785,2
6786,0
6787,3
6788,2
6789,2
6790,3
6791,0
6792,0
6793,1
6794,0
6795,0
6796,3
6797,3
6798,0
6799,0
6800,0
6801,0
6802,0
6803,0
6804,0
6805,1
6806,2
6807,1
6808,0
6809,0
6810,3
6811,0
6812,2
6813,3
6814,0
6815,0
6816,3
6817,3
6818,3
6819,3
6820,1
6821,1
6822,3
6823,0
6824,1
6825,0
6826,3
6827,0
6828,3
6829,3
6830,0
6831,0
6832,1
6833,3
6834,3
6835,0
6836,2
6837,0
6838,2
6839,0
6840,3
6841,1
6842,0
6843,0
6844,0
6845,3
6846,3
6847,3
6848,3
6849,0
6850,3
6851,1
6852,0
6853,3
6854,2
6855,1
6856,1
6857,0
6858,3
6859,3
6860,0
6861,1
6862,2
6863,1
6864,1
6865,3
6866,0
6867,0
6868,0
6869,0
6870,0
6871,0
6872,2
6873,0
6874,3
6875,3
6876,0
6877,0
6878,3
6879,3
6880,0
6881,3
6882,0
6883,2
6884,1
6885,3
6886,3
6887,3
6888,0
6889,0
6890,3
6891,0
6892,3
6893,2
6894,0
6895,1
6896,0
6897,3
6898,2
6899,0
6900,3
6901,0
6902,3
6903,3
6904,3
6905,0
6906,3
6907,2
6908,0
6909,3
6910,3
6911,0
6912,0
6913,3
6914,0
6915,2
6916,0
6917,3
6918,0
6919,3
6920,0
6921,3
6922,0
6923,3
6924,0
6925,3
6926,2
6927,3
6928,3
6929,3
6930,3
6931,0
6932,2
6933,0
6934,0
6935,3
6936,3
6937,0
6938,1
6939,3
6940,0
6941,0
6942,2
6943,1
6944,0
6945,0
6946,3
6947,3
6948,2
6949,0
6950,2
6951,3
6952,3
6953,2
6954,3
6955,0
6956,3
6957,3
6958,0
6959,2
6960,3
6961,3
6962,0
6963,0
6964,3
6965,0
6966,1
6967,1
6968,3
6969,2
6970,2
6971,1
6972,0
6973,3
6974,0
6975,3
6976,0
6977,2
6978,0
6979,3
6980,0
6981,3
6982,0
6983,3
6984,0
6985,0
6986,3
6987,0
6988,3
6989,1
6990,3
6991,0
6992,2
6993,0
6994,0
6995,3
6996,3
6997,0
6998,3
6999,3
7000,3
7001,2
7002,0
7003,0
7004,1
7005,2
7006,3
7007,0
7008,1
7009,0
7010,3
7012,0
7013,2
7014,1
7015,3
7016,2
7017,0
7018,0
7019,3
7020,3
7021,3
7022,3
7023,1
7024,3
7025,1
7026,0
7027,3
7028,3
7029,3
7030,3
7031,3
7032,0
7033,1
7034,0
7035,0
7036,3
7037,0
7038,3
7039,0
7040,3
7041,3
7042,2
7043,2
7044,0
7045,0
7046,0
7047,0
7048,0
7049,0
7050,2
7051,0
7052,3
7053,0
7054,3
7055,1
7056,0
7057,0
7058,0
7059,0
7060,2
7061,3
7062,3
7063,3
7064,0
7065,0
7066,3
7067,1
7068,3
7069,3
7070,0
7071,3
7072,0
7073,0
7074,0
7075,0
7076,3
7077,1
7078,0
7079,0
7080,3
7081,3
7082,2
7083,0
7084,3
7085,1
7086,0
7087,1
7088,1
7089,3
7090,3
7091,1
7092,0
7093,0
7094,3
7095,3
7096,0
7097,0
7098,0
7099,2
7100,0
7101,0
7102,3
7103,0
7104,3
7105,3
7106,0
7107,0
7108,3
7109,0
7110,3
7111,0
7112,3
7113,0
7114,3
7115,0
7116,3
7117,3
7118,0
7119,0
7120,1
7121,3
7122,0
7123,2
7124,3
7125,0
7126,1
7127,0
7128,0
7129,3
7130,0
7131,1
7132,3
7133,3
7135,1
7136,3
7137,1
7139,2
7140,3
7141,2
7142,0
7143,2
7144,3
7145,0
7146,1
7147,1
7148,0
7149,1
7150,3
7151,3
7152,0
7153,3
7154,1
7155,1
7156,1
7157,0
7158,2
7159,1
7160,2
7161,3
7162,0
7163,2
7164,0
7165,0
7166,0
7167,3
7168,1
7169,0
7170,3
7171,1
7172,0
7173,0
7174,0
7175,3
7176,2
7177,3
7178,3
7179,3
7180,3
7181,0
7182,0
7183,3
7184,1
7185,3
7186,2
7187,0
7188,0
7189,0
7190,2
7191,3
7192,3
7193,3
7194,0
7195,1
7196,0
7197,0
7198,3
7199,0
7200,2
7201,0
7202,3
7203,0
7204,0
7205,0
7206,3
7207,0
7208,3
7209,3
7210,0
7211,2
7212,3
7213,3
7214,0
7215,2
7216,3
7217,3
7218,2
7219,3
7220,0
7221,0
7222,0
7223,2
7224,3
7225,0
7226,0
7227,0
7228,0
7229,0
7230,3
7231,3
7232,3
7233,3
7234,2
7235,0
7236,0
7237,3
7238,0
7239,0
7240,0
7241,0
7242,0
7243,3
7244,0
7245,0
7246,0
7247,0
7248,3
7249,3
7250,3
7251,0
7252,1
7253,1
7254,3
7255,1
7256,0
7257,1
7258,3
7259,3
7260,3
7261,3
7262,3
7263,3
7264,1
7265,0
7266,0
7267,3
7268,2
7269,0
7270,3
7271,2
7272,3
7273,2
7274,0
7275,1
7276,0
7277,0
7278,2
7279,0
7280,1
7281,3
7282,2
7283,3
7284,1
7285,3
7286,3
7287,0
7288,0
7289,1
7290,3
7291,0
7292,0
7293,3
7294,2
7295,0
7296,3
7297,1
7298,2
7299,0
7300,0
7301,3
7302,3
7303,3
7304,0
7305,2
7306,1
7307,0
7308,1
7309,3
7310,0
7311,1
7312,0
7313,0
7314,0
7315,0
7316,2
7317,2
7318,2
7319,3
7320,3
7321,0
7322,3
7323,1
7324,0
7325,1
7326,3
7327,2
7328,3
7329,0
7330,3
7331,3
7332,3
7333,3
7334,0
7335,0
7336,0
7337,0
7338,0
7339,3
7340,3
7341,1
7342,3
7343,1
7344,0
7345,0
7346,1
7347,3
7348,0
7349,1
7350,1
7351,0
7352,3
7353,0
7354,0
7355,0
7356,2
7357,0
7358,2
7359,3
7360,0
7361,0
7362,3
7363,3
7364,0
7365,0
7366,3
7367,0
7368,3
7369,2
7370,3
7371,0
7372,1
7373,0
7374,1
7375,0
7376,3
7377,3
7378,3
7379,3
7380,0
7381,0
7382,3
7383,3
7384,1
7385,3
7386,0
7387,3
7388,3
7389,0
7390,0
7391,0
7392,3
7393,3
7394,3
7395,1
7396,3
7397,0
7398,0
7399,3
7400,0
7401,2
7402,1
7403,3
7404,0
7405,1
7406,3
7407,0
7408,0
7409,1
7410,3
7411,0
7412,0
7413,0
7414,3
7415,3
7416,0
7417,2
7418,3
7419,3
7420,0
7421,3
7422,3
7423,3
7424,0
7425,0
7426,0
7427,0
7428,3
7429,0
7430,3
7431,0
7432,2
7433,1
7434,3
7435,2
7436,3
7437,0
7438,0
7439,2
7440,1
7441,0
7442,0
7444,1
7445,2
7446,0
7447,0
7448,3
7449,0
7450,0
7451,3
7452,3
7453,3
7454,0
7455,1
7456,0
7457,2
7458,3
7459,0
7460,2
7461,3
7462,3
7463,0
7464,0
7465,2
7466,0
7467,0
7468,3
7469,1
7470,3
7471,1
7472,0
7473,3
7474,0
7475,3
7476,0
7477,0
7478,3
7479,3
7480,0
7481,3
7482,0
7483,1
7484,0
7485,0
7486,1
7487,0
7488,0
7489,3
7490,0
7491,3
7492,2
7493,0
7494,1
7495,0
7496,1
7497,1
7498,0
7499,0
7500,0
7501,3
7502,3
7503,3
7504,3
7505,1
7506,3
7507,0
7508,3
7509,0
7510,0
7511,2
7512,0
7513,0
7514,0
7515,3
7516,1
7517,3
7518,3
7519,3
7520,0
7521,0
7522,0
7523,3
7524,0
7525,0
7526,1
7527,0
7528,3
7529,0
7530,0
7531,3
7532,0
7533,0
7534,1
7535,3
7536,3
7537,3
7538,0
7539,0
7540,1
7541,3
7542,3
7543,3
7544,3
7545,0
7546,3
7547,3
7548,0
7549,3
7550,0
7551,0
7553,3
7554,0
7555,0
7556,1
7557,3
7558,0
7559,3
7560,1
7561,3
7562,3
7563,0
7564,3
7565,0
7566,3
7567,0
7568,0
7569,0
7570,3
7571,2
7572,0
7573,0
7574,0
7575,2
7576,0
7577,0
7578,0
7579,0
7580,3
7581,0
7582,3
7583,0
7584,0
7585,0
7586,0
7587,0
7588,0
7589,1
7590,2
7591,0
7592,1
7593,2
7594,3
7595,2
7596,0
7597,2
7598,0
7599,0
7600,3
7601,0
7602,2
7603,3
7604,3
7605,0
7606,2
7607,2
7608,0
7609,1
7610,1
7611,0
7612,0
7613,0
7614,1
7615,0
7616,2
7617,0
7618,3
7619,0
7620,3
7621,0
7622,0
7623,3
7624,0
7625,1
7626,1
7627,1
7628,1
7629,3
7630,3
7631,2
7632,3
7633,2
7634,3
7635,1
7636,0
7637,1
7638,0
7639,0
7640,3
7641,0
7642,3
7643,0
7644,0
7645,0
7646,0
7647,3
7648,1
7649,0
7650,0
7651,0
7652,0
7653,0
7655,3
7656,3
7657,3
7658,3
7659,1
7660,0
7661,3
7662,0
7663,3
7664,2
7665,0
7666,0
7667,3
7668,1
7669,3
7670,2
7671,1
7672,3
7673,3
7674,0
7675,3
7676,1
7677,2
7678,3
7679,3
7680,0
7681,0
7682,0
7683,3
7684,3
7685,0
7686,1
7687,3
7688,1
7689,1
7690,0
7691,1
7692,3
7693,0
7694,0
7695,0
7696,3
7697,3
7698,3
7699,0
7700,3
7701,3
7702,0
7703,3
7704,1
7705,2
7706,0
7707,3
7708,0
7709,0
7710,3
7711,0
7712,3
7713,3
7714,0
7715,1
7716,2
7717,2
7718,1
7719,3
7720,0
7721,3
7722,3
7723,0
7724,3
7725,0
7726,0
7727,1
7728,0
7729,3
7730,3
7731,0
7732,3
7733,3
7734,0
7735,3
7736,0
7737,0
7738,2
7739,2
7740,1
7741,3
7742,0
7743,2
7744,2
7745,1
7746,0
7747,0
7748,3
7749,2
7750,0
7751,3
7752,0
7753,3
7754,0
7755,0
7756,1
7757,2
7758,2
7759,1
7760,0
7761,0
7762,2
7763,0
7764,3
7765,0
7766,0
7767,0
7768,0
7769,0
7770,1
7771,2
7772,0
7773,1
7774,3
7775,3
7776,0
7777,2
7778,1
7779,0
7780,3
7781,0
7782,0
7783,3
7784,3
7785,0
7786,0
7787,2
7788,1
7789,2
7790,2
7791,0
7792,1
7793,3
7794,3
7795,2
7796,0
7797,0
7798,3
7799,3
7800,3
7801,0
7802,2
7803,0
7804,0
7805,0
7806,1
7807,0
7808,0
7809,3
7810,3
7811,0
7812,3
7813,0
7814,3
7815,0
7816,0
7817,1
7818,0
7819,3
7820,3
7821,0
7822,0
7823,3
7824,3
7825,3
7826,0
7827,1
7828,0
7829,2
7830,2
7831,3
7832,0
7833,0
7834,0
7835,3
7836,3
7837,0
7838,0
7839,0
7840,3
7841,3
7842,3
7843,0
7844,2
7845,3
7846,1
7847,3
7848,2
7849,0
7850,2
7851,0
7852,2
7853,0
7854,3
7855,0
7856,0
7857,2
7858,1
7859,3
7860,0
7861,3
7862,3
7863,3
7864,2
7865,3
7866,0
7867,0
7868,2
7869,1
7870,3
7871,1
7872,0
7874,1
7875,0
7876,0
7877,3
7878,0
7879,3
7880,0
7881,0
7882,0
7883,3
7884,0
7885,0
7886,0
7887,2
7888,0
7889,0
7890,0
7891,3
7892,2
7893,2
7894,0
7895,0
7896,0
7897,0
7898,3
7899,0
7900,3
7901,0
7902,0
7903,0
7904,1
7905,2
7906,1
7907,1
7908,0
7909,1
7910,2
7911,1
7912,0
7913,0
7914,0
7915,3
7916,3
7917,0
7918,3
7919,0
7920,3
7921,3
7922,3
7923,0
7924,0
7925,0
7926,2
7927,0
7928,3
7929,0
7930,1
7931,0
7932,0
7933,0
7934,0
7935,0
7936,1
7937,0
7938,0
7939,0
7940,2
7941,0
7942,3
7943,1
7944,3
7945,1
7946,0
7947,0
7948,3
7949,3
7950,3
7951,3
7952,0
7953,0
7954,2
7955,0
7956,0
7957,1
7958,3
7959,1
7960,2
7961,1
7962,2
7963,3
7964,3
7965,0
7966,0
7967,3
7968,1
7969,3
7970,1
7971,3
7972,0
7973,0
7974,2
7975,2
7976,0
7977,0
7978,3
7979,2
7980,2
7981,3
7982,3
7983,0
7984,3
7985,0
7986,2
7987,1
7988,2
7989,3
7990,3
7991,0
7992,2
7993,3
7994,0
7996,3
7997,3
7998,0
7999,0
8000,0
8001,3
8002,0
8003,0
8004,3
8005,3
8006,1
8007,0
8008,3
8009,3
8010,3
8011,0
8012,2
8013,3
8014,0
8015,2
8016,2
8017,0
8018,2
8019,0
8020,3
8021,1
8022,1
8023,0
8024,3
8025,1
8026,3
8027,2
8028,1
8029,0
8030,0
8031,0
8032,0
8033,0
8035,0
8036,0
8037,0
8038,2
8039,0
8040,0
8041,0
8042,0
8043,2
8044,0
8045,0
8046,3
8047,0
8048,0
8049,0
8050,3
8051,3
8052,2
8053,3
8054,1
8055,0
8056,3
8057,0
8058,3
8059,0
8060,3
8061,3
8062,1
8063,1
8064,0
8065,2
8066,0
8067,0
8068,0
8069,3
8070,3
8071,2
8072,1
8073,0
8074,0
8075,1
8076,0
8077,1
8078,2
8079,0
8080,3
8081,0
8082,0
8083,3
8084,2
8085,3
8086,3
8087,1
8088,3
8089,1
8090,2
8091,2
8092,1
8093,0
8094,1
8095,0
8096,3
8097,0
8098,3
8099,3
8100,0
8101,3
8102,3
8103,0
8104,1
8105,3
8106,0
8107,1
8108,3
8109,0
8110,0
8111,0
8112,3
8113,0
8114,1
8115,1
8116,3
8117,0
8118,0
8119,0
8120,3
8121,1
8122,3
8123,3
8124,3
8125,2
8126,3
8127,3
8128,3
8129,0
8130,0
8131,0
8132,0
8133,0
8134,0
8135,3
8136,3
8137,0
8138,3
8139,1
8140,0
8141,3
8142,1
8143,3
8144,0
8145,3
8146,1
8147,0
8148,3
8149,0
8150,3
8151,0
8152,3
8153,3
8154,1
8155,3
8156,2
8157,0
8158,0
8159,0
8160,1
8161,3
8162,1
8163,3
8164,1
8165,0
8166,2
8167,3
8168,0
8169,3
8170,2
8171,2
8172,0
8173,0
8174,2
8175,0
8176,1
8177,3
8178,0
8179,3
8180,2
8181,3
8182,1
8183,0
8184,0
8185,3
8186,0
8187,3
8188,3
8189,0
8190,1
8191,0
8192,2
8193,2
8194,0
8195,0
8196,3
8197,3
8198,2
8199,3
8200,0
8201,3
8202,3
8203,2
8204,3
8205,0
8206,0
8207,3
8208,3
8209,0
8210,3
8211,2
8212,0
8213,1
8214,1
8215,1
8216,0
8217,2
8218,0
8219,1
8220,2
8221,3
8222,1
8223,3
8224,0
8225,3
8226,0
8227,3
8228,1
8229,2
8230,1
8231,0
8232,1
8233,2
8234,0
8235,0
8236,0
8237,0
8238,0
8239,0
8240,1
8241,0
8242,0
8244,0
8245,3
8246,0
8247,3
8248,1
8249,0
8250,0
8251,3
8252,3
8253,0
8254,2
8255,0
8256,2
8257,1
8258,3
8259,0
8260,3
8261,0
8262,0
8263,1
8264,0
8265,3
8266,3
8267,1
8268,3
8269,1
8270,0
8271,0
8272,3
8273,3
8274,3
8275,2
8276,1
8277,3
8278,0
8279,0
8280,0
8281,3
8282,3
8283,3
8284,3
8285,2
8286,0
8287,0
8288,3
8289,0
8290,2
8291,3
8292,0
8293,3
8294,2
8295,3
8296,0
8297,3
8298,3
8299,0
8300,2
8301,1
8302,3
8303,3
8304,1
8305,0
8306,3
8307,0
8308,3
8309,3
8310,1
8311,3
8312,3
8313,0
8314,2
8315,1
8316,0
8317,0
8318,1
8319,0
8320,0
8321,3
8322,3
8323,0
8324,3
8325,3
8326,0
8327,0
8328,2
8329,1
8330,3
8331,0
8332,3
8333,3
8334,3
8335,0
8336,0
8337,0
8338,1
8339,3
8340,0
8341,0
8342,3
8344,1
8345,0
8346,0
8347,1
8348,3
8349,0
8350,0
8351,0
8352,3
8353,3
8354,0
8355,3
8356,0
8357,0
8358,3
8359,1
8360,3
8361,0
8362,3
8363,1
8364,3
8365,2
8366,0
8367,0
8368,2
8369,0
8370,2
8371,0
8372,0
8373,0
8374,0
8375,3
8376,2
8377,0
8378,3
8379,3
8380,2
8381,2
8382,2
8383,0
8384,3
8385,0
8386,3
8387,0
8388,0
8389,0
8390,3
8391,3
8392,3
8393,3
8394,3
8395,3
8396,0
8397,2
8398,2
8399,3
8400,0
8401,3
8402,1
8403,3
8404,3
8405,3
8406,3
8407,3
8408,0
8409,0
8410,3
8411,0
8412,3
8413,0
8414,1
8415,3
8416,0
8417,0
8418,0
8419,0
8420,2
8421,3
8422,3
8423,0
8424,3
8425,1
8426,0
8427,1
8428,0
8429,0
8430,3
8431,0
8432,2
8433,3
8434,3
8435,3
8436,0
8437,3
8438,0
8439,0
8440,3
8441,0
8442,0
8443,0
8444,1
8445,0
8446,3
8447,2
8448,3
8449,1
8450,0
8451,0
8452,0
8453,3
8454,1
8455,0
8456,3
8457,3
8458,0
8459,3
8460,1
8461,0
8462,3
8463,2
8464,0
8465,1
8466,0
8467,0
8468,0
8469,0
8470,3
8471,3
8472,3
8473,0
8474,0
8475,0
8476,1
8477,1
8478,2
8479,0
8480,0
8481,3
8482,3
8483,1
8484,0
8485,0
8486,3
8487,3
8488,2
8489,0
8490,0
8491,3
8492,3
8493,1
8494,1
8495,0
8496,1
8497,0
8498,0
8499,2
8500,0
8501,3
8502,2
8503,0
8504,0
8505,0
8506,2
8507,0
8508,3
8509,3
8510,0
8511,2
8512,0
8513,1
8514,0
8516,0
8517,2
8518,3
8519,3
8520,3
8521,0
8522,2
8523,0
8524,2
8525,0
8526,3
8527,3
8528,0
8529,2
8530,1
8531,3
8532,0
8533,1
8534,0
8535,0
8536,0
8538,3
8539,3
8540,0
8541,0
8542,2
8543,0
8544,3
8545,1
8546,3
8547,0
8548,3
8549,0
8550,2
8551,3
8552,1
8553,1
8554,2
8555,3
8556,3
8557,0
8558,1
8559,3
8560,1
8561,1
8562,0
8563,3
8564,0
8565,0
8566,0
8567,0
8568,3
8569,0
8570,1
8571,3
8572,3
8573,0
8574,1
8576,0
8577,0
8578,2
8579,2
8580,3
8581,3
8582,0
8584,3
8585,0
8586,3
8587,2
8588,3
8589,3
8590,1
8591,3
8592,3
8593,0
8594,1
8595,0
8596,1
8597,0
8598,1
8599,0
8600,0
8601,0
8602,2
8603,0
8604,3
8605,2
8606,3
8607,3
8608,0
8609,0
8610,0
8611,0
8612,2
8613,2
8614,0
8615,3
8616,0
8617,3
8618,2
8619,0
8620,3
8621,0
8622,3
8623,1
8624,3
8625,0
8626,3
8627,0
8628,2
8629,0
8630,0
8631,3
8632,3
8633,0
8634,1
8635,1
8636,0
8637,2
8638,3
8639,0
8640,0
8641,3
8642,3
8643,2
8644,0
8645,3
8646,0
8647,3
8648,3
8649,3
8650,1
8651,3
8652,2
8653,3
8654,3
8655,3
8656,3
8657,0
8658,2
8659,1
8660,3
8661,0
8662,3
8663,3
8664,2
8665,1
8666,2
8667,3
8668,3
8669,3
8670,0
8671,0
8672,1
8673,3
8674,2
8675,2
8676,3
8677,3
8678,3
8679,3
8680,1
8681,2
8682,3
8683,3
8684,3
8685,3
8686,1
8687,3
8688,3
8689,3
8690,1
8691,3
8692,2
8693,0
8694,3
8695,0
8696,0
8697,2
8698,0
8699,0
8700,0
8701,3
8702,0
8703,0
8704,2
8705,0
8706,3
8707,3
8708,0
8709,3
8710,1
8711,0
8712,3
8713,0
8714,0
8715,2
8716,3
8717,3
8718,3
8719,2
8720,3
8721,3
8722,3
8723,0
8724,3
8725,3
8726,0
8727,0
8728,3
8729,1
8730,0
8731,3
8732,3
8733,3
8734,0
8735,0
8736,1
8737,3
8738,1
8739,1
8740,0
8741,0
8742,0
8743,3
8744,0
8745,3
8746,0
8747,3
8748,0
8749,3
8750,0
8751,1
8752,0
8753,0
8754,2
8755,3
8756,0
8757,2
8758,3
8759,3
8760,0
8761,0
8762,0
8763,2
8764,0
8765,0
8766,2
8767,0
8768,3
8769,2
8770,0
8771,0
8772,0
8773,3
8774,0
8775,3
8776,0
8777,3
8779,3
8780,0
8781,2
8782,0
8783,1
8784,3
8785,0
8786,3
8787,3
8788,3
8789,3
8790,2
8791,3
8792,3
8793,1
8794,1
8795,1
8796,2
8797,0
8798,1
8799,0
8800,2
8801,0
8802,0
8803,3
8804,0
8805,3
8806,3
8807,0
8808,2
8809,1
8810,0
8811,3
8812,2
8813,1
8814,3
8815,3
8816,0
8817,2
8818,0
8819,3
8820,2
8821,0
8822,1
8823,0
8824,0
8825,1
8826,0
8827,0
8828,0
8829,3
8830,0
8831,0
8832,0
8833,0
8834,3
8835,3
8836,0
8837,0
8838,0
8839,3
8840,0
8841,3
8842,0
8843,0
8844,3
8845,2
8846,1
8847,2
8848,0
8849,3
8850,0
8851,3
8852,0
8853,3
8854,0
8855,1
8856,1
8857,0
8858,0
8859,1
8860,0
8861,2
8862,1
8863,0
8864,3
8865,3
8866,0
8867,3
8868,3
8869,2
8870,3
8871,3
8872,1
8873,3
8874,1
8875,3
8876,0
8877,1
8878,1
8879,1
8880,0
8881,0
8883,3
8884,0
8885,3
8886,1
8887,3
8888,0
8889,2
8890,3
8891,0
8892,2
8893,0
8894,0
8895,2
8896,0
8897,0
8898,3
8899,0
8900,1
8901,1
8902,3
8903,0
8904,0
8905,3
8906,3
8907,1
8908,0
8909,1
8910,0
8911,0
8912,3
8913,0
8914,3
8915,3
8916,0
8917,2
8918,0
8919,2
8920,2
8921,3
8922,0
8923,1
8924,0
8925,0
8926,3
8927,3
8928,1
8929,2
8930,2
8931,1
8932,2
8933,3
8934,0
8935,3
8936,3
8937,1
8938,3
8939,0
8940,0
8941,3
8942,3
8943,0
8944,3
8945,0
8946,0
8947,0
8948,2
8949,2
8950,3
8951,0
8952,0
8953,3
8954,2
8955,0
8956,0
8957,3
8958,0
8959,3
8960,3
8961,3
8962,3
8963,2
8964,2
8965,3
8966,0
8967,0
8968,0
8969,3
8970,1
8971,2
8972,3
8973,0
8974,2
8975,3
8976,3
8977,3
8978,3
8979,0
8980,1
8981,2
8982,1
8983,0
8984,0
8985,1
8986,2
8987,2
8988,3
8989,3
8990,3
8991,3
8992,0
8993,3
8994,3
8995,2
8996,1
8997,0
8998,3
8999,2
9000,3
9001,3
9002,2
9003,2
9004,0
9005,3
9006,0
9007,0
9008,0
9009,2
9010,0
9011,3
9012,3
9013,0
9014,1
9015,0
9016,1
9017,3
9018,2
9019,3
9020,0
9021,1
9022,0
9023,3
9024,1
9025,1
9026,0
9027,1
9028,3
9029,0
9030,0
9031,3
9032,3
9033,0
9034,0
9035,0
9036,0
9037,0
9038,3
9039,2
9040,3
9041,1
9042,0
9043,0
9044,0
9045,0
9046,0
9047,3
9048,3
9049,0
9050,0
9051,0
9052,0
9053,2
9054,1
9055,3
9056,2
9057,3
9058,2
9059,0
9061,3
9062,0
9063,0
9064,0
9065,3
9066,1
9067,1
9068,3
9069,0
9070,3
9071,3
9072,0
9073,2
9074,2
9075,0
9076,0
9077,2
9078,0
9079,0
9080,3
9081,0
9082,0
9083,3
9084,3
9085,0
9086,3
9087,0
9088,0
9089,3
9090,0
9091,0
9092,3
9093,3
9094,0
9095,3
9096,3
9097,0
9098,3
9099,0
9100,3
9101,1
9102,0
9103,2
9104,3
9105,0
9106,3
9107,2
9108,0
9109,1
9110,0
9111,3
9112,3
9113,0
9114,0
9115,3
9116,0
9117,3
9118,0
9119,2
9120,3
9121,0
9122,0
9123,1
9124,3
9125,3
9126,3
9127,3
9128,0
9129,3
9130,0
9131,0
9132,3
9133,0
9134,0
9135,3
9136,3
9137,0
9138,0
9139,0
9140,0
9141,3
9142,0
9143,0
9144,0
9145,3
9146,0
9147,0
9148,0
9149,0
9150,0
9151,3
9152,0
9153,2
9154,2
9155,3
9156,1
9157,0
9158,0
9159,3
9160,3
9161,2
9162,2
9163,3
9164,0
9165,0
9166,1
9167,3
9168,2
9169,0
9170,1
9171,3
9172,3
9173,0
9174,3
9175,0
9176,3
9177,0
9178,0
9179,3
9180,0
9181,3
9182,3
9183,0
9184,0
9185,0
9186,3
9187,3
9188,0
9189,0
9190,3
9191,2
9192,1
9193,0
9194,0
9195,2
9196,0
9197,2
9198,3
9199,0
9200,3
9201,0
9202,0
9203,1
9204,3
9205,3
9206,3
9207,0
9208,0
9209,3
9210,1
9211,0
9212,0
9213,2
9214,3
9215,0
9216,3
9217,0
9218,1
9219,1
9220,0
9221,1
9222,3
9223,3
9224,0
9225,0
9226,0
9227,3
9228,1
9229,3
9230,3
9231,3
9232,1
9233,3
9234,3
9235,3
9236,3
9237,3
9238,3
9239,1
9240,3
9241,0
9242,1
9243,3
9244,3
9245,3
9246,3
9247,0
9248,2
9249,3
9250,3
9251,3
9252,3
9253,3
9254,1
9255,0
9256,0
9257,3
9258,3
9259,0
9260,2
9261,0
9262,0
9263,3
9264,3
9265,3
9266,1
9267,3
9268,0
9269,1
9270,0
9271,2
9272,0
9273,2
9274,0
9275,0
9276,1
9277,2
9278,3
9279,3
9280,3
9281,3
9282,0
9283,2
9284,3
9285,3
9286,3
9287,3
9288,0
9289,0
9290,3
9291,3
9292,0
9293,3
9294,3
9295,0
9296,3
9297,3
9298,3
9299,1
9300,2
9301,0
9302,2
9303,0
9304,0
9305,2
9306,0
9307,3
9308,0
9309,3
9310,0
9311,0
9312,3
9313,0
9314,2
9316,3
9317,2
9318,0
9319,0
9320,3
9321,3
9322,0
9323,0
9324,3
9325,2
9326,3
9327,3
9328,0
9329,0
9330,1
9331,0
9332,3
9333,0
9334,0
9335,3
9336,3
9337,2
9338,3
9339,1
9340,0
9341,2
9342,0
9343,3
9344,1
9345,0
9346,0
9347,1
9348,3
9349,3
9350,0
9351,0
9352,2
9353,2
9354,0
9355,1
9356,2
9357,3
9358,2
9359,3
9360,1
9361,1
9362,0
9363,1
9364,3
9365,0
9366,3
9367,0
9368,2
9369,0
9370,0
9371,2
9372,3
9373,0
9374,3
9375,2
9376,3
9377,2
9378,3
9379,3
9380,0
9381,0
9382,3
9383,3
9384,2
9385,1
9386,0
9387,0
9388,3
9389,0
9390,0
9391,3
9392,2
9393,1
9394,3
9395,0
9396,1
9397,0
9398,1
9399,0
9400,3
9401,3
9402,2
9403,0
9404,0
9405,2
9406,3
9407,3
9408,1
9409,0
9410,3
9411,3
9412,0
9413,3
9414,3
9415,3
9416,0
9417,3
9418,3
9419,2
9420,0
9421,0
9422,1
9423,0
9424,1
9425,3
9426,3
9427,0
9428,0
9429,3
9430,0
9431,0
9432,2
9433,3
9434,0
9435,0
9436,2
9437,0
9438,3
9439,1
9440,0
9441,3
9442,3
9443,0
9444,1
9445,1
9446,3
9447,3
9448,0
9449,0
9450,0
9451,3
9452,0
9453,3
9454,3
9455,0
9456,1
9457,3
9458,0
9459,2
9460,0
9461,0
9462,0
9463,2
9464,3
9465,0
9466,3
9467,3
9468,0
9469,0
9470,3
9471,3
9472,3
9473,0
9474,0
9475,0
9476,3
9477,0
9478,3
9479,0
9480,0
9481,0
9482,3
9483,0
9484,0
9485,0
9486,0
9487,0
9488,3
9489,2
9490,2
9491,0
9492,0
9493,0
9494,2
9495,0
9496,2
9497,0
9498,0
9499,0
9500,3
9501,3
9502,2
9503,0
9504,2
9505,0
9506,0
9507,3
9508,0
9509,0
9510,2
9511,3
9512,0
9513,2
9514,2
9515,2
9517,2
9518,3
9519,1
9520,3
9521,0
9522,0
9523,2
9524,0
9525,1
9526,0
9527,3
9528,2
9529,0
9530,1
9531,3
9532,3
9533,3
9534,3
9535,3
9536,0
9537,0
9538,0
9539,0
9540,3
9541,3
9542,3
9543,1
9544,3
9545,1
9546,0
9547,3
9548,0
9549,3
9550,3
9551,0
9552,2
9553,0
9554,2
9555,3
9556,3
9557,2
9558,1
9559,3
9560,2
9561,1
9562,0
9563,2
9564,0
9565,3
9566,0
9567,3
9568,0
9569,3
9570,0
9571,3
9572,3
9573,2
9574,0
9575,3
9576,0
9577,3
9578,0
9579,0
9580,2
9581,2
9582,1
9583,3
9584,3
9585,3
9586,2
9587,0
9588,0
9589,2
9590,2
9591,0
9592,1
9593,3
9594,0
9595,1
9596,0
9597,2
9598,3
9599,0
9600,3
9601,1
9602,0
9603,2
9604,3
9605,3
9606,3
9607,2
9608,3
9609,3
9610,3
9611,0
9612,3
9613,1
9614,3
9615,0
9616,0
9617,0
9618,0
9619,0
9620,1
9621,0
9622,3
9623,0
9624,3
9625,0
9626,3
9627,3
9628,3
9629,1
9630,3
9631,0
9632,2
9633,3
9634,3
9635,1
9636,2
9637,3
9639,2
9640,2
9641,1
9642,3
9643,3
9644,1
9645,1
9646,0
9647,0
9648,1
9649,0
9650,3
9651,0
9652,0
9653,3
9654,0
9655,0
9656,0
9657,3
9658,0
9659,3
9660,3
9661,1
9662,3
9663,3
9664,3
9665,0
9666,3
9667,3
9668,0
9669,3
9670,2
9671,2
9672,0
9673,3
9674,0
9675,0
9676,3
9677,0
9678,3
9679,3
9680,0
9681,3
9682,3
9683,2
9684,0
9685,3
9686,0
9687,3
9688,3
9689,0
9690,2
9691,3
9692,2
9693,1
9694,3
9695,1
9696,1
9697,2
9698,0
9699,3
9700,0
9701,2
9702,2
9703,0
9704,2
9705,0
9706,1
9707,1
9708,3
9709,3
9710,0
9711,0
9712,3
9713,0
9714,3
9715,3
9716,1
9717,0
9718,0
9719,0
9720,3
9721,2
9722,3
9723,3
9724,0
9725,0
9726,2
9727,2
9728,3
9729,0
9730,0
9731,2
9732,3
9733,1
9734,1
9735,0
9736,3
9737,2
9738,0
9739,3
9740,2
9741,3
9742,3
9743,2
9744,0
9745,1
9746,2
9747,3
9748,3
9749,3
9750,3
9751,0
9752,0
9753,0
9754,2
9755,0
9756,3
9757,0
9758,0
9759,0
9760,2
9761,2
9762,0
9763,0
9764,0
9765,0
9766,1
9767,0
9768,1
9769,3
9770,0
9771,0
9772,0
9773,3
9774,3
9775,0
9776,3
9777,0
9778,3
9779,3
9780,0
9781,0
9782,1
9783,3
9784,0
9785,2
9786,3
9787,1
9788,0
9789,2
9790,0
9791,0
9792,0
9793,0
9794,1
9795,0
9796,0
9797,1
9798,0
9799,0
9800,0
9801,0
9802,3
9803,1
9804,0
9805,3
9806,3
9807,3
9808,3
9809,0
9810,0
9811,1
9812,0
9813,2
9814,3
9815,1
9816,3
9817,3
9818,0
9819,2
9820,0
9821,2
9822,0
9823,2
9824,3
9825,3
9826,3
9827,1
9828,1
9829,0
9830,3
9831,3
9832,0
9833,2
9834,0
9835,0
9836,0
9837,3
9838,3
9839,0
9840,0
9841,0
9842,3
9843,0
9844,0
9845,0
9846,0
9847,2
9848,0
9849,0
9850,1
9851,1
9852,1
9853,0
9854,0
9855,0
9856,3
9857,0
9858,3
9859,0
9860,3
9861,1
9862,2
9863,0
9864,0
9865,1
9866,0
9867,0
9868,1
9869,3
9870,1
9871,2
9872,2
9873,0
9874,3
9875,2
9876,2
9877,0
9878,0
9879,2
9880,3
9881,0
9882,1
9883,2
9884,0
9885,3
9886,3
9887,2
9888,1
9889,1
9890,3
9891,0
9892,0
9893,0
9894,0
9895,3
9896,0
9897,2
9898,2
9899,0
9900,1
9901,3
9902,3
9903,0
9904,0
9905,0
9906,0
9907,0
9908,3
9909,3
9910,3
9911,0
9912,2
9913,3
9914,0
9915,0
9916,0
9917,0
9918,3
9919,3
9920,0
9921,0
9922,1
9923,0
9924,2
9925,0
9926,0
9927,1
9928,2
9929,1
9930,2
9931,1
9932,2
9933,3
9934,0
9935,1
9936,0
9937,0
9938,0
9939,3
9940,3
9941,3
9942,3
9943,1
9944,3
9945,3
9946,2
9947,3
9948,0
9949,3
9950,0
9951,0
9952,0
9953,3
9954,0
9955,0
9956,0
9957,3
9959,0
9960,0
9961,0
9962,2
9963,0
9964,3
9965,0
9966,1
9967,2
9968,0
9969,2
9970,0
9971,2
9972,3
9973,3
9974,2
9975,0
9976,3
9977,1
9978,0
9979,0
9980,3
9981,0
9982,0
9983,1
9984,0
9985,1
9986,0
9987,0
9988,3
9989,0
9990,3
9991,0
9992,2
9993,3
9994,1
9995,3
9996,3
9997,1
9998,3
9999,0
10000,1
10001,3
10002,0
10003,3
10004,0
10005,0
10006,0
10007,0
10008,2
10009,3
10010,3
10011,0
10012,2
10013,2
10014,1
10015,0
10016,1
10017,2
10018,3
10019,0
10020,0
10021,0
10022,2
10023,3
10024,3
10025,0
10026,0
10027,0
10028,1
10029,3
10030,0
10031,3
10032,3
10033,0
10034,0
10035,0
10036,3
10037,1
10038,3
10039,2
10040,3
10041,0
10042,2
10043,3
10044,3
10045,0
10046,3
10047,0
10048,3
10049,0
10050,0
10051,2
10052,3
10053,3
10054,1
10055,3
10056,3
10057,1
10058,0
10059,0
10061,0
10062,2
10063,0
10064,0
10065,1
10066,0
10067,3
10068,3
10069,0
10070,0
10071,2
10072,2
10073,1
10074,3
10075,0
10076,3
10077,2
10078,0
10079,3
10080,3
10081,2
10082,3
10083,3
10084,0
10085,3
10086,0
10087,0
10088,0
10089,3
10090,0
10091,3
10092,0
10093,3
10094,0
10095,2
10096,0
10097,1
10098,0
10099,3
10100,0
10101,0
10102,0
10103,1
10104,3
10105,0
10106,1
10107,1
10108,2
10109,3
10110,3
10111,2
10112,0
10113,0
10114,3
10115,0
10116,0
10117,0
10118,2
10119,0
10120,0
10121,0
10122,3
10123,0
10124,0
10125,0
10126,3
10127,0
10128,3
10129,2
10130,0
10131,0
10132,0
10133,3
10134,3
10135,0
10136,3
10137,3
10138,3
10139,3
10140,3
10141,0
10142,2
10143,0
10144,3
10145,0
10146,3
10147,3
10148,3
10149,3
10150,1
10151,0
10152,0
10153,0
10154,0
10155,3
10156,3
10157,3
10158,0
10159,0
10160,2
10161,0
10162,2
10163,3
10164,3
10165,2
10166,0
10167,0
10168,3
10169,0
10170,2
10171,1
10172,2
10173,0
10174,1
10175,2
10176,0
10177,0
10178,3
10179,1
10180,3
10181,1
10182,0
10183,0
10184,3
10185,2
10186,1
10187,0
10188,0
10189,1
10190,0
10191,0
10192,0
10193,0
10194,2
10195,0
10196,0
10197,0
10198,2
10199,0
10200,0
10201,3
10202,1
10203,1
10204,0
10205,0
10206,0
10207,0
10208,0
10209,0
10210,3
10211,2
10212,0
10213,2
10214,3
10215,0
10216,3
10217,0
10218,1
10219,0
10220,2
10221,3
10222,3
10223,0
10224,3
10225,3
10226,2
10227,0
10228,1
10229,3
10230,0
10231,3
10232,0
10233,0
10234,1
10235,2
10236,0
10237,3
10239,0
10240,3
10241,3
10242,3
10243,1
10244,0
10245,3
10246,0
10247,0
10248,3
10249,0
10250,3
10251,0
10252,3
10253,2
10254,3
10255,0
10256,3
10257,3
10258,2
10259,0
10260,0
10261,3
10262,3
10263,2
10264,3
10265,3
10266,0
10267,1
10268,3
10269,2
10270,0
10271,0
10272,3
10273,2
10274,0
10275,3
10276,0
10277,2
10278,2
10279,0
10280,0
10281,0
10282,3
10283,0
10284,3
10285,0
10286,0
10287,0
10288,3
10289,3
10290,3
10291,2
10292,0
10293,0
10294,3
10295,0
10296,3
10297,0
10298,3
10299,3
10300,3
10301,3
10302,0
10303,0
10304,3
10305,0
10306,3
10307,2
10308,2
10309,0
10310,0
10311,3
10312,2
10313,3
10314,0
10315,0
10316,0
10317,0
10318,0
10319,3
10320,3
10321,0
10322,0
10323,2
10324,1
10325,1
10326,0
10327,2
10328,0
10329,0
10331,2
10332,1
10333,0
10334,3
10335,0
10336,0
10337,1
10338,0
10339,3
10340,2
10341,0
10342,1
10343,0
10344,2
10345,0
10346,3
10347,0
10348,2
10349,0
10350,0
10351,2
10352,0
10353,0
10354,0
10355,3
10356,1
10357,3
10358,3
10359,3
10360,0
10361,0
10362,3
10363,3
10364,0
10365,0
10366,3
10367,3
10368,1
10369,1
10370,3
10371,2
10372,0
10373,0
10374,0
10375,2
10376,0
10377,3
10378,0
10379,3
10380,3
10381,1
10382,3
10383,0
10384,0
10385,0
10386,3
10387,0
10388,1
10389,0
10390,3
10391,3
10392,0
10393,1
10394,0
10395,1
10396,0
10397,1
10398,2
10399,0
10400,3
10401,3
10402,1
10403,0
10404,1
10405,3
10406,2
10407,2
10408,3
10409,1
10410,3
10411,1
10412,3
10413,3
10414,3
10415,1
10416,3
10417,0
10418,3
10419,0
10420,0
10421,3
10422,1
10423,0
10424,3
10425,0
10426,3
10427,0
10428,3
10429,3
10430,0
10431,0
10432,3
10433,1
10434,1
10435,1
10436,3
10437,3
10438,2
10440,0
10441,3
10442,3
10443,3
10444,0
10445,3
10446,0
10447,2
10448,0
10449,1
10450,3
10451,0
10452,3
10453,2
10454,2
10455,0
10456,3
10457,2
10458,3
10459,3
10460,0
10461,3
10462,3
10463,1
10464,0
10465,1
10466,0
10467,0
10468,0
10469,1
10470,0
10471,0
10472,3
10473,3
10474,0
10475,0
10477,0
10478,0
10479,3
10480,3
10481,3
10482,3
10483,0
10484,3
10485,1
10486,0
10487,3
10488,1
10489,0
10490,2
10491,0
10492,3
10493,2
10494,0
10495,3
10496,0
10497,3
10498,3
10499,0
10500,2
10501,2
10502,0
10503,3
10504,1
10505,3
10506,2
10507,0
10508,3
10509,3
10510,0
10511,3
10512,3
10513,0
10514,2
10515,3
10516,3
10517,3
10518,2
10519,3
10520,1
10521,2
10522,1
10523,0
10524,1
10525,0
10526,0
10527,0
10528,3
10529,3
10530,3
10531,0
10532,1
10533,2
10534,3
10536,0
10538,3
10539,0
10540,0
10541,0
10542,1
10543,2
10544,3
10545,2
10546,0
10547,0
10548,0
10549,2
10550,3
10551,0
10552,2
10553,3
10554,2
10555,2
10556,0
10557,1
10558,3
10559,2
10560,0
10561,1
10562,0
10563,2
10564,3
10565,3
10566,0
10567,3
10568,1
10569,1
10570,2
10571,0
10572,2
10573,0
10574,3
10575,0
10576,0
10577,0
10578,0
10579,0
10580,3
10581,1
10582,3
10583,3
10584,3
10585,3
10586,0
10587,0
10588,3
10589,3
10590,0
10591,2
10592,3
10593,3
10594,3
10595,3
10596,3
10597,0
10598,3
10599,0
10600,0
10601,2
10602,3
10603,0
10604,3
10605,1
10606,0
10607,0
10608,1
10609,0
10610,2
10611,3
10612,2
10613,0
10614,1
10615,0
10616,0
10617,2
10618,0
10619,0
10620,2
10621,0
10622,1
10623,3
10624,1
10625,3
10626,0
10627,0
10628,3
10629,1
10630,0
10631,2
10632,1
10633,0
10634,2
10635,2
10636,3
10637,3
10638,3
10639,3
10641,3
10642,2
10643,3
10644,0
10645,1
10646,0
10647,0
10648,3
10649,3
10650,2
10651,3
10652,1
10653,2
10654,1
10655,0
10656,3
10657,3
10658,3
10659,0
10660,1
10661,1
10662,3
10663,0
10664,3
10665,0
10666,3
10667,3
10668,3
10669,0
10670,0
10671,0
10672,2
10673,3
10674,0
10675,0
10676,0
10677,0
10678,3
10679,0
10681,2
10682,3
10683,3
10684,3
10685,2
10686,0
10687,2
10688,3
10689,3
10690,0
10691,3
10692,0
10693,0
10694,1
10695,0
10696,3
10697,3
10698,3
10699,2
10700,3
10701,2
10702,0
10703,3
10704,0
10705,3
10706,0
10707,2
10708,0
10709,1
10710,1
10711,3
10712,1
10713,0
10714,0
10715,3
10716,1
10717,3
10718,3
10719,0
10720,3
10721,3
10722,3
10723,1
10724,0
10725,3
10726,0
10727,0
10728,0
10729,0
10730,0
10731,3
10732,0
10733,0
10734,0
10735,2
10736,0
10737,1
10738,0
10739,3
10740,3
10741,0
10742,3
10743,0
10744,2
10745,0
10746,3
10747,3
10748,0
10749,0
10750,0
10751,1
10752,0
10753,0
10754,0
10756,0
10757,3
10758,2
10759,2
10760,3
10761,2
10762,3
10763,0
10764,1
10765,2
10766,2
10767,1
10768,1
10769,2
10770,2
10771,0
10772,0
10773,1
10774,0
10775,0
10776,0
10777,2
10778,2
10779,3
10780,0
10781,1
10782,0
10783,3
10784,3
10785,3
10786,0
10787,3
10788,0
10789,1
10790,0
10791,3
10792,3
10793,0
10794,0
10795,1
10796,2
10797,1
10798,0
10799,2
10800,3
10801,3
10802,3
10803,2
10804,3
10805,3
10806,0
10807,2
10808,0
10809,3
10810,3
10811,0
10812,0
10813,0
10814,3
10815,2
10816,0
10817,1
10818,3
10819,0
10820,3
10821,3
10822,1
10823,2
10824,3
10825,3
10826,3
10827,0
10828,0
10829,2
10830,3
10831,2
10832,0
10833,3
10834,2
10835,0
10836,3
10837,0
10838,3
10839,3
10840,0
10841,0
10842,3
10843,3
10844,3
10845,2
10846,3
10847,0
10849,2
10850,3
10851,0
10852,0
10853,0
10854,2
10855,0
10856,0
10857,0
10858,0
10859,3
10860,0
10861,0
10862,3
10863,3
10864,3
10865,3
10866,3
10867,0
10868,1
10869,3
10870,0
10871,1
10872,3
10873,0
10874,1
10875,3
10876,3
10877,0
10878,0
10879,1
10880,3
10881,3
10882,3
10883,3
10884,2
10885,2
10886,2
10887,3
10888,2
10889,1
10890,3
10891,2
10892,0
10893,3
10894,0
10895,0
10896,3
10897,3
10898,2
10899,2
10900,1
10901,0
10902,0
10903,3
10904,1
10905,2
10906,3
10907,0
10908,3
10909,0
10910,0
10911,0
10912,3
10914,1
10915,0
10916,2
10917,0
10918,0
10919,1
10920,0
10921,0
10922,3
10923,0
10924,1
10925,3
10926,3
10927,3
10928,2
10929,3
10930,3
10931,0
10932,2
10933,3
10934,2
10935,3
10936,0
10937,1
10938,0
10939,1
10940,3
10941,1
10942,3
10943,0
10944,0
10945,0
10946,0
10947,0
10948,3
10949,0
10950,0
10951,3
10952,3
10953,1
10954,2
10955,3
10956,0
10957,3
10959,3
10960,2
10961,3
10962,0
10963,1
10964,0
10965,2
10966,3
10967,2
10968,0
10969,3
10970,0
10971,0
10972,0
10973,3
10974,0
10975,3
10976,0
10977,3
10978,0
10979,1
10980,0
10981,0
10982,2
10983,0
10984,1
10985,1
10986,3
10987,3
10988,0
10989,1
10990,3
10991,1
10992,2
10993,3
10994,3
10995,0
10996,3
10997,1
10998,1
10999,0
11000,3
11001,0
11002,0
11003,0
11004,3
11005,2
11006,0
11007,0
11008,0
11009,0
11010,1
11011,0
11012,0
11013,3
11014,3
11015,3
11016,0
11017,2
11018,0
11019,0
11020,3
11021,0
11022,0
11023,1
11024,0
11025,0
11026,0
11027,0
11028,0
11029,1
11030,0
11031,0
11032,2
11033,1
11034,0
11035,1
11036,0
11037,3
11038,0
11039,2
11040,3
11041,1
11042,0
11043,3
11044,3
11045,0
11046,3
11047,0
11048,2
11049,0
11050,0
11051,0
11052,3
11053,3
11054,3
11055,3
11056,2
11057,1
11058,2
11059,3
11060,3
11061,2
11062,0
11063,0
11064,0
11065,2
11066,1
11067,0
11068,2
11069,3
11070,0
11071,0
11072,0
11073,3
11074,3
11075,3
11076,0
11077,2
11078,1
11079,0
11080,0
11081,3
11082,0
11083,3
11084,0
11085,0
11086,0
11087,3
11088,0
11089,2
11090,3
11091,0
11092,0
11093,3
11094,3
11095,0
11096,0
11097,3
11098,0
11099,3
11100,0
11101,0
11102,3
11103,3
11104,0
11105,1
11106,3
11107,0
11108,0
11109,2
11110,3
11111,1
11112,2
11113,0
11114,0
11115,2
11116,2
11117,0
11118,3
11119,1
11120,2
11121,1
11122,3
11123,0
11124,2
11125,3
11126,0
11127,2
11128,2
11129,3
11130,0
11131,0
11132,2
11133,2
11134,2
11135,3
11136,3
11137,0
11138,0
11139,3
11140,1
11141,0
11142,3
11143,0
11144,3
11145,0
11146,0
11147,3
11148,2
11149,3
11150,0
11151,3
11152,0
11153,3
11154,2
11156,2
11157,1
11158,0
11159,3
11160,3
11161,0
11162,3
11163,3
11164,3
11165,0
11166,3
11167,3
11168,1
11169,3
11170,3
11171,3
11172,0
11173,0
11174,3
11175,0
11176,0
11177,3
11178,3
11179,0
11180,3
11181,0
11182,0
11183,0
11184,1
11185,0
11186,3
11187,0
11188,0
11189,2
11190,0
11191,1
11192,0
11193,0
11194,1
11195,3
11196,0
11197,0
11198,3
11199,3
11200,1
11201,0
11202,0
11203,0
11204,2
11205,0
11206,0
11207,1
11208,3
11209,0
11210,3
11211,1
11212,0
11213,0
11214,3
11215,0
11216,0
11217,0
11218,2
11219,0
11220,0
11221,1
11222,0
11223,3
11224,2
11225,3
11226,0
11227,3
11228,0
11229,0
11230,0
11231,0
11232,0
11233,3
11234,1
11235,2
11236,0
11237,0
11238,3
11239,0
11240,0
11241,1
11242,0
11243,0
11244,1
11245,3
11246,3
11247,1
11248,3
11249,0
11250,0
11251,0
11252,3
11253,1
11254,3
11255,0
11256,3
11257,3
11258,0
11259,1
11260,0
11261,0
11262,2
11263,2
11264,3
11265,0
11266,0
11267,0
11268,3
11269,0
11270,0
11271,0
11272,3
11273,0
11274,0
11275,2
11276,1
11277,3
11278,3
11279,1
11280,1
11281,0
11282,0
11283,1
11284,3
11285,2
11286,0
11287,3
11288,0
11289,3
11290,3
11291,1
11292,0
11293,0
11294,0
11295,2
11296,0
11297,0
11298,0
11299,3
11300,3
11301,3
11302,3
11303,3
11304,0
11305,2
11306,2
11307,3
11308,0
11309,0
11310,3
11311,2
11312,0
11313,2
11314,3
11315,0
11316,3
11317,0
11318,3
11319,3
11320,1
11321,1
11322,0
11323,3
11324,0
11325,0
11326,3
11327,0
11328,0
11329,0
11330,2
11331,1
11332,3
11333,0
11334,0
11335,1
11336,1
11337,2
11338,3
11339,0
11340,0
11341,2
11342,3
11343,0
11344,2
11345,1
11346,3
11347,1
11348,3
11349,1
11350,3
11351,0
11352,2
11353,1
11354,0
11355,3
11356,0
11357,0
11358,3
11359,0
11360,0
11361,3
11362,2
11363,0
11364,1
11365,0
11366,3
11367,1
11368,1
11369,0
11370,0
11371,0
11372,3
11373,3
11374,0
11375,0
11376,3
11377,3
11378,2
11379,3
11380,3
11381,3
11382,3
11383,0
11384,3
11385,0
11386,0
11387,2
11388,2
11389,3
11390,3
11391,0
11392,1
11393,0
11394,0
11395,1
11396,0
11397,2
11398,3
11399,3
11400,3
11401,0
11402,0
11403,2
11404,3
11405,3
11406,1
11407,2
11408,0
11409,0
11410,0
11411,3
11412,0
11413,3
11414,0
11415,0
11416,3
11417,2
11418,3
11419,3
11420,3
11421,2
11422,2
11423,3
11424,3
11425,0
11426,2
11427,3
11428,0
11429,3
11430,2
11431,2
11432,0
11433,3
11434,0
11435,3
11436,0
11437,0
11438,3
11439,0
11440,1
11441,0
11442,0
11443,3
11444,3
11445,1
11446,3
11447,0
11448,2
11449,0
11450,3
11451,0
11452,3
11453,3
11454,3
11455,3
11456,3
11457,2
11458,3
11459,0
11460,3
11461,0
11462,3
11463,0
11464,1
11465,3
11466,0
11467,1
11468,3
11469,3
11470,3
11471,3
11472,0
11473,2
11474,1
11475,2
11476,0
11477,1
11478,0
11479,3
11480,0
11481,0
11482,0
11483,1
11484,0
11485,3
11486,0
11487,0
11488,0
11489,3
11490,0
11491,3
11492,2
11493,0
11494,3
11495,0
11496,0
11497,0
11498,0
11499,0
11500,0
11501,3
11502,1
11503,2
11504,2
11505,3
11506,0
11507,1
11508,3
11509,2
11510,3
11511,3
11512,2
11513,2
11514,0
11515,3
11516,2
11517,3
11518,0
11519,0
11520,3
11521,0
11522,3
11523,2
11524,3
11525,3
11526,3
11527,3
11528,1
11529,3
11530,0
11531,3
11532,0
11533,1
11534,2
11535,3
11536,3
11537,0
11538,1
11539,0
11540,0
11541,1
11542,2
11543,1
11544,3
11545,3
11546,0
11547,0
11548,0
11549,0
11550,0
11551,3
11552,0
11553,3
11554,2
11555,0
11556,0
11557,0
11558,0
11559,0
11560,2
11561,0
11562,0
11563,3
11564,0
11565,3
11566,0
11567,0
11568,0
11569,3
11570,2
11571,0
11572,0
11573,0
11574,3
11575,3
11576,2
11577,0
11578,0
11579,3
11580,1
11581,0
11582,0
11583,3
11584,2
11585,0
11586,3
11587,0
11588,3
11589,3
11590,0
11591,0
11592,1
11593,0
11594,0
11595,3
11596,0
11597,0
11598,0
11599,0
11600,3
11601,3
11602,3
11603,3
11604,3
11605,3
11606,2
11607,3
11608,1
11609,0
11610,0
11611,0
11612,0
11613,3
11614,0
11615,3
11616,0
11617,0
11618,3
11619,3
11620,1
11621,0
11622,0
11623,3
11624,0
11625,0
11626,0
11627,3
11628,0
11629,0
11630,2
11631,3
11632,0
11633,3
11634,1
11635,0
11636,0
11637,2
11638,1
11639,0
11640,0
11641,3
11642,0
11643,0
11644,0
11645,2
11646,3
11647,3
11648,0
11649,0
11650,0
11651,0
11652,1
11653,3
11654,2
11655,1
11656,2
11657,3
11658,1
11659,2
11660,0
11661,0
11662,2
11663,0
11664,0
11665,3
11666,0
11667,2
11668,2
11669,1
11670,1
11671,0
11672,3
11673,0
11674,3
11675,0
11676,3
11677,2
11678,2
11679,3
11680,0
11681,2
11682,3
11683,0
11684,1
11685,0
11686,0
11687,0
11688,0
11689,2
11690,1
11691,1
11692,3
11693,1
11694,2
11695,3
11696,0
11697,3
11698,3
11699,0
11700,2
11701,0
11702,3
11703,3
11704,0
11705,3
11706,0
11707,0
11708,0
11709,0
11710,3
11711,3
11712,1
11713,3
11714,0
11715,0
11716,3
11717,0
11718,0
11719,3
11720,3
11721,3
11722,0
11723,0
11724,1
11725,3
11726,1
11727,0
11728,3
11729,1
11730,3
11731,3
11732,0
11733,2
11734,0
11735,0
11736,3
11737,0
11738,2
11739,0
11740,0
11741,2
11742,0
11743,0
11744,0
11745,1
11746,0
11747,3
11748,3
11749,3
11750,0
11751,0
11752,0
11753,3
11754,0
11755,2
11756,3
11757,2
11758,0
11759,0
11760,2
11761,2
11762,0
11763,0
11764,3
11765,2
11766,2
11767,2
11768,2
11769,3
11770,0
11771,3
11772,2
11773,1
11774,0
11775,0
11776,3
11777,2
11778,0
11779,1
11780,0
11781,3
11782,0
11783,3
11784,2
11785,3
11786,3
11787,0
11788,0
11789,2
11790,0
11791,3
11792,0
11793,2
11794,3
11795,0
11796,0
11797,0
11798,3
11799,3
11800,3
11801,2
11802,1
11803,0
11804,0
11805,0
11806,3
11807,3
11808,0
11809,0
11810,1
11811,0
11812,1
11813,1
11814,0
11815,1
11816,2
11817,2
11818,0
11819,3
11820,0
11821,0
11822,2
11823,3
11824,0
11825,3
11826,0
11827,0
11828,3
11829,3
11830,0
11831,1
11832,0
11833,2
11834,0
11835,2
11836,3
11837,0
11838,1
11839,1
11840,0
11841,0
11842,0
11843,0
11844,0
11845,1
11846,3
11847,3
11848,3
11849,0
11850,0
11851,3
11852,3
11853,3
11854,1
11855,1
11856,3
11857,3
11858,3
11859,0
11860,0
11861,2
11862,2
11863,0
11864,0
11865,0
11866,3
11867,1
11868,0
11869,0
11870,1
11871,0
11872,3
11873,0
11874,3
11875,3
11876,0
11877,3
11878,3
11879,1
11880,3
11881,0
11882,3
11883,0
11884,2
11885,1
11886,3
11887,2
11888,2
11889,3
11890,2
11891,0
11892,0
11893,1
11894,0
11895,2
11897,3
11898,0
11899,3
11900,0
11901,2
11902,3
11903,3
11904,3
11905,3
11906,0
11907,3
11908,3
11909,0
11910,0
11912,3
11913,3
11914,3
11915,0
11917,0
11918,0
11919,3
11920,3
11921,3
11922,3
11923,3
11924,3
11925,1
11926,0
11927,0
11928,3
11929,2
11930,3
11931,2
11932,1
11933,3
11934,3
11935,1
11936,2
11937,0
11938,0
11939,0
11940,0
11941,3
11942,3
11943,0
11944,1
11945,3
11946,3
11947,2
11948,0
11949,0
11950,3
11951,0
11952,3
11953,0
11954,3
11955,3
11956,3
11957,3
11958,0
11959,0
11960,2
11961,3
11962,2
11963,3
11964,0
11965,0
11966,0
11967,0
11968,2
11969,3
11970,0
11971,0
11972,3
11973,0
11974,3
11975,0
11976,0
11977,0
11978,3
11979,3
11981,0
11982,0
11983,2
11984,2
11985,2
11986,0
11987,0
11988,3
11989,3
11990,0
11991,3
11992,0
11993,3
11994,1
11995,3
11996,0
11997,3
11998,0
11999,3
12000,3
12001,3
12002,0
12003,1
12004,3
12005,0
12006,0
12007,0
12008,3
12009,0
12010,3
12011,0
12012,3
12013,2
12014,3
12015,3
12016,1
12017,0
12018,3
12019,2
12020,3
12021,0
12022,3
12023,0
12024,3
12025,0
12026,2
12027,0
12028,3
12029,0
12030,1
12031,3
12032,3
12033,0
12034,3
12035,3
12036,0
12037,0
12038,2
12039,2
12040,0
12041,3
12042,0
12043,1
12044,3
12045,3
12046,0
12047,3
12048,0
12049,2
12050,3
12051,3
12052,3
12053,0
12054,0
12055,1
12056,3
12057,0
12058,3
12059,0
12060,0
12061,3
12062,0
12063,0
12064,2
12065,3
12066,3
12067,3
12068,3
12069,3
12070,1
12071,3
12072,3
12073,0
12074,0
12075,2
12076,2
12077,3
12078,0
12079,0
12080,0
12081,0
12082,0
12084,3
12085,3
12086,1
12087,0
12088,3
12089,0
12090,0
12091,0
12092,1
12093,0
12094,2
12095,0
12096,0
12097,0
12098,0
12099,0
12100,3
12101,2
12102,2
12103,0
12104,0
12105,0
12106,2
12107,2
12108,3
12109,1
12110,0
12111,3
12112,3
12113,3
12114,3
12115,2
12116,0
12117,2
12118,3
12119,3
12120,0
12121,3
12122,0
12123,2
12125,3
12126,0
12127,3
12128,3
12129,3
12130,3
12131,3
12132,2
12133,0
12134,3
12135,0
12136,3
12137,3
12138,0
12139,0
12140,0
12141,0
12142,3
12143,3
12144,0
12145,0
12146,3
12147,0
12148,0
12149,0
12150,0
12151,0
12152,0
12153,3
12154,0
12155,0
12156,3
12157,0
12158,1
12159,3
12160,0
12161,3
12162,3
12163,1
12164,0
12165,0
12166,0
12167,3
12168,3
12169,0
12170,3
12171,0
12172,3
12173,0
12174,0
12176,3
12177,3
12178,2
12179,0
12180,2
12181,1
12183,0
12184,3
12185,0
12186,0
12187,3
12188,0
12189,2
12191,3
12192,2
12193,0
12194,1
12195,3
12196,0
12197,0
12198,0
12199,0
12200,0
12201,2
12202,3
12203,0
12204,3
12205,2
12206,0
12207,2
12208,0
12209,0
12210,2
12211,3
12212,0
12213,2
12214,3
12215,3
12216,0
12217,0
12218,0
12219,3
12220,0
12221,2
12222,3
12223,3
12224,0
12225,3
12226,2
12227,0
12228,0
12229,0
12230,0
12231,0
12232,0
12233,3
12234,0
12235,2
12236,0
12237,1
12238,2
12239,0
12240,3
12241,0
12242,3
12243,1
12244,1
12245,3
12246,3
12247,1
12248,3
12249,3
12250,0
12251,0
12252,1
12253,2
12254,3
12255,0
12256,3
12257,1
12258,0
12259,1
12260,0
12261,3
12262,3
12263,0
12264,0
12265,3
12266,3
12267,3
12268,0
12269,3
12270,0
12271,2
12272,1
12273,3
12274,0
12275,1
12276,3
12277,0
12278,3
12279,3
12280,0
12281,1
12282,0
12283,3
12284,2
12285,2
12286,0
12287,0
12288,3
12289,3
12290,0
12291,2
12292,0
12293,3
12294,3
12295,0
12296,3
12297,1
12298,0
12299,0
12300,0
12301,2
12302,0
12303,1
12304,1
12305,3
12306,0
12307,3
12308,3
12309,3
12310,0
12311,0
12312,0
12313,0
12314,3
12316,1
12317,3
12318,3
12319,3
12320,1
12321,2
12322,3
12323,1
12324,3
12325,3
12326,3
12327,0
12328,0
12329,2
12330,0
12331,1
12332,3
12333,3
12334,3
12335,2
12336,3
12337,1
12338,3
12339,0
12340,3
12341,2
12342,0
12343,1
12344,3
12345,0
12346,1
12347,2
12348,0
12349,0
12350,3
12351,0
12352,0
12353,1
12354,3
12355,0
12356,1
12357,3
12358,3
12359,3
12360,3
12361,3
12362,2
12363,3
12364,0
12365,2
12366,3
12368,3
12369,0
12370,3
12371,3
12372,0
12373,2
12374,0
12375,0
12376,0
12377,3
12378,0
12379,3
12380,3
12381,0
12382,2
12383,0
12384,2
12385,0
12386,0
12387,0
12388,1
12389,3
12390,0
12391,0
12393,3
12394,3
12395,1
12396,3
12397,3
12398,3
12399,0
12400,3
12401,3
12402,0
12403,0
12404,1
12405,1
12406,2
12407,3
12408,1
12409,3
12410,0
12411,3
12412,0
12413,3
12414,3
12415,0
12416,0
12417,1
12418,0
12419,3
12420,2
12421,0
12422,0
12423,3
12424,2
12425,3
12426,0
12427,3
12428,3
12429,3
12430,3
12431,2
12432,2
12433,0
12434,3
12435,0
12436,1
12437,1
12438,1
12440,1
12441,1
12442,1
12443,1
12444,1
12445,1
12446,1
12447,1
12448,1
12449,1
12450,1
12451,1
12452,1
12453,1
12454,1
12455,1
12456,1
12457,1
12458,1
12459,1
12460,1
12461,1
12462,1
12463,1
12464,1
12465,1
12466,1
12467,1
12468,1
12469,1
12470,1
12471,1
12472,1
12473,1
12474,1
12475,1
12476,1
12477,1
12478,1
12479,1
12480,1
12481,1
12482,1
12483,1
12484,1
12485,1
12486,1
12487,1
12488,1
12489,1
12490,1
12491,1
12492,1
12493,1
12494,1
12495,1
12496,1
12497,1
12498,1
12499,1
12500,1
12501,1
12502,1
12503,1
12504,1
12505,1
12506,1
12507,1
12508,1
12509,1
12510,1
12511,1
12512,1
12513,1
12514,1
12515,1
12516,1
12517,1
12518,1
12519,1
12520,1
12521,1
12522,1
12523,1
12524,1
12525,1
12526,1
12527,1
12528,1
12529,1
12530,1
12531,1
12532,1
12533,1
12534,1
12535,1
12536,1
12537,1
12538,1
12539,1
12540,1
12541,1
12542,1
12543,1
12544,1
12545,1
12546,1
12547,1
12548,1
12549,1
12550,1
12551,1
12552,1
12553,1
12554,1
12555,1
12556,1
12557,1
12558,1
12559,1
12560,1
12561,1
12562,1
12563,1
12564,1
12565,1
12566,1
12567,1
12568,1
12569,1
12570,1
12571,1
12572,1
12573,1
12574,1
12575,1
12576,1
12577,1
12578,1
12579,1
12580,1
12581,1
12582,1
12583,1
12584,1
12585,1
12586,1
12587,1
12588,1
12589,1
12590,1
12591,1
12592,1
12593,1
12594,1
12595,1
12596,1
12597,1
12598,1
12599,1
12600,1
12601,1
12602,1
12603,1
12604,1
12605,1
12606,1
12607,1
12608,1
12609,1
12610,1
12611,1
12612,1
12613,1
12614,1
12615,1
12616,1
12617,1
12618,1
12619,1
12620,1
12621,1
12622,1
12623,1
12624,1
12625,1
12626,1
12627,1
12628,1
12629,1
12630,1
12631,1
12632,1
12633,1
12634,1
12635,1
12636,1
12637,1
12638,1
12639,1
12640,1
12641,1
12642,1
12643,1
12644,1
12645,1
12646,1
12647,1
12648,1
12649,1
12650,1
12651,1
12652,1
12653,1
12654,1
12655,1
12656,1
12657,1
12658,1
12659,1
12660,1
12661,1
12662,1
12663,1
12664,1
12665,1
12666,1
12667,1
12668,1
12669,1
12670,1
12671,1
12672,1
12673,1
12674,1
12675,1
12676,1
12677,1
12678,1
12679,1
12680,1
12681,1
12682,1
12683,1
12684,1
12685,1
12686,1
12687,1
12688,1
12689,1
12690,1
12691,1
12692,1
12693,1
12694,1
12695,1
12696,1
12697,1
12698,1
12699,1
12700,1
12701,1
12702,1
12703,1
12704,1
12705,1
12706,1
12707,1
12708,1
12709,1
12710,1
12711,1
12712,1
12713,1
12714,1
12715,1
12716,1
12717,1
12718,1
12719,1
12720,1
12721,1
12722,1
12723,1
12724,1
12725,1
12726,1
12727,1
12728,1
12729,1
12730,1
12731,1
12732,1
12733,1
12734,1
12735,1
12736,1
12737,1
12738,1
12739,1
12740,1
12741,1
12742,1
12743,1
12744,1
12745,1
12746,1
12747,1
12748,1
12749,1
12750,1
12751,1
12752,1
12753,1
12754,1
12755,1
12756,1
12757,1
12758,1
12759,1
12760,1
12761,1
12762,1
12763,1
12764,1
12765,1
12766,1
12767,1
12768,1
12769,1
12770,1
12771,1
12772,1
12773,1
12774,1
12775,1
12776,1
12777,1
12778,1
12779,1
12780,1
12781,1
12782,1
12783,1
12784,1
12785,1
12786,1
12787,1
12788,1
12789,1
12790,1
12791,1
12792,1
12793,1
12794,1
12795,1
12796,1
12797,1
12798,1
12799,1
12800,1
12801,1
12802,1
12803,1
12804,1
12805,1
12806,1
12807,1
12808,1
12809,1
12810,1
12811,1
12812,1
12813,1
12814,1
12815,1
12816,1
12817,1
12818,1
12819,1
12820,1
12821,1
12822,1
12823,1
12824,1
12825,1
12826,1
12827,1
12828,1
12829,1
12830,1
12831,1
12832,1
12833,1
12834,1
12835,1
12836,1
12837,1
12838,1
12839,1
12840,1
12841,1
12842,1
12843,1
12844,1
12845,1
12846,1
12847,1
12848,1
12849,1
12850,1
12851,1
12852,1
12853,1
12854,1
12855,1
12856,1
12857,1
12858,1
12859,1
12860,1
12861,1
12862,1
12863,1
12864,1
12865,1
12866,1
12867,1
12868,1
12869,1
12870,1
12871,1
12872,1
12873,1
12874,1
12875,1
12876,1
12877,1
12878,1
12879,1
12880,1
12881,1
12882,1
12883,1
12884,1
12885,1
12886,1
12887,1
12888,1
12889,1
12890,1
12891,1
12892,1
12893,1
12894,1
12895,1
12896,1
12897,1
12898,1
12899,1
12900,1
12901,1
12902,1
12903,1
12904,1
12905,1
12906,1
12907,1
12908,1
12909,1
12910,1
12911,1
12912,1
12913,1
12914,1
12915,1
12916,1
12917,1
12918,1
12919,1
12920,1
12921,1
12922,1
12923,1
12924,1
12925,1
12926,1
12927,1
12928,1
12929,1
12930,1
12931,1
12932,1
12933,1
12934,1
12935,1
12936,1
12937,1
12938,1
12939,1
12940,1
12941,1
12942,1
12943,1
12944,1
12945,1
12946,1
12947,1
12948,1
12949,1
12950,1
12951,1
12952,1
12953,1
12954,1
12955,1
12956,1
12957,1
12958,1
12959,1
12960,1
12961,1
12962,1
12963,1
12964,1
12965,1
12966,1
12967,1
12968,1
12969,1
12970,1
12971,1
12972,1
12973,1
12974,1
12975,1
12976,1
12977,1
12978,1
12979,1
12980,1
12981,1
12982,1
12983,1
12984,1
12985,1
12986,1
12987,1
12988,1
12989,1
12990,1
12991,1
12992,1
12993,1
12994,1
12995,1
12996,1
12997,1
12998,1
12999,1
13000,1
13001,1
13002,1
13003,1
13004,1
13005,1
13006,1
13007,1
13008,1
13009,1
13010,1
13011,1
13012,1
13013,1
13014,1
13015,1
13016,1
13017,1
13018,1
13019,1
13020,1
13021,1
13022,1
13023,1
13024,1
13025,1
13026,1
13027,1
13028,1
13029,1
13030,1
13031,1
13032,1
13033,1
13034,1
13035,1
13036,1
13037,1
13038,1
13039,1
13040,1
13041,1
13042,1
13043,1
13044,1
13045,1
13046,1
13047,1
13048,1
13049,1
13050,1
13051,1
13052,1
13053,1
13054,1
13055,1
13056,1
13057,1
13058,1
13059,1
13060,1
13061,1
13062,1
13063,1
13064,1
13065,1
13066,1
13067,1
13068,1
13069,1
13070,1
13071,1
13072,1
13073,1
13074,1
13075,1
13076,1
13077,1
13078,1
13079,1
13080,1
13081,1
13082,1
13083,1
13084,1
13085,1
13086,1
13087,1
13088,1
13089,1
13090,1
13091,1
13092,1
13093,1
13094,1
13095,1
13096,1
13097,1
13098,1
13099,1
13100,1
13101,1
13102,1
13103,1
13104,1
13105,1
13106,1
13107,1
13108,1
13109,1
13110,1
13111,1
13112,1
13113,1
13114,1
13115,1
13116,1
13117,1
13118,1
13119,1
13120,1
13121,1
13122,1
13123,1
13124,1
13125,1
13126,1
13127,1
13128,1
13129,1
13130,1
13131,1
13132,1
13133,1
13134,1
13135,1
13136,1
13137,1
13138,1
13139,1
13140,1
13141,1
13142,1
13143,1
13144,1
13145,1
13146,1
13147,1
13148,1
13149,1
13150,1
13151,1
13152,1
13153,1
13154,1
13155,1
13156,1
13157,1
13158,1
13159,1
13160,1
13161,1
13162,1
13163,1
13164,1
13165,1
13166,1
13167,1
13168,1
13169,1
13170,1
13171,1
13172,1
13173,1
13174,1
13175,1
13176,1
13177,1
13178,1
13179,1
13180,1
13181,1
13182,1
13183,1
13184,1
13185,1
13186,1
13187,1
13188,1
13189,1
13190,1
13191,1
13192,1
13193,1
13194,1
13195,1
13196,1
13197,1
13198,1
13199,1
13200,1
13201,1
13202,1
13203,1
13204,1
13205,1
13206,1
13207,1
13208,1
13209,1
13210,1
13211,1
13212,1
13213,1
13214,1
13215,1
13216,1
13217,1
13218,1
13219,1
13220,1
13221,1
13222,1
13223,1
13224,1
13225,1
13226,1
13227,1
13228,1
13229,1
13230,1
13231,1
13232,1
13233,1
13234,1
13235,1
13236,1
13237,1
13238,1
13239,1
13240,1
13241,1
13242,1
13243,1
13244,1
13245,1
13246,1
13247,1
13248,1
13249,1
13250,1
13251,1
13252,1
13253,1
13254,1
13255,1
13256,1
13257,1
13258,1
13259,1
13260,1
13261,1
13262,1
13263,1
13264,1
13265,1
13266,1
13267,1
13268,1
13269,1
13270,1
13271,1
13272,1
13273,1
13274,1
13275,1
13276,1
13277,1
13278,1
13279,1
13280,1
13281,1
13282,1
13283,1
13284,1
13285,1
13286,1
13287,1
13288,1
13289,1
13290,1
13291,1
13292,1
13293,1
13294,1
13295,1
13296,1
13297,1
13298,1
13299,1
13300,1
13301,1
13302,1
13303,1
13304,1
13305,1
13306,1
13307,1
13308,1
13309,1
13310,1
13311,1
13312,1
13313,1
13314,1
13315,1
13316,1
13317,1
13318,1
13319,1
13320,1
13321,1
13322,1
13323,1
13324,1
13325,1
13326,1
13327,1
13328,1
13329,1
13330,1
13331,1
13332,1
13333,1
13334,1
13335,1
13336,1
13337,1
13338,1
13339,1
13340,1
13341,1
13342,1
13343,1
13344,1
13345,1
13346,1
13347,1
13348,1
13349,1
13350,1
13351,1
13352,1
13353,1
13354,1
13355,1
13356,1
13357,1
13358,1
13359,1
13360,1
13361,1
13362,1
13363,1
13364,1
13365,1
13366,1
13367,1
13368,1
13369,1
13370,1
13371,1
13372,1
13373,1
13374,1
13375,1
13376,1
13377,1
13378,1
13379,1
13380,1
13381,1
13382,1
13383,1
13384,1
13385,1
13386,1
13387,1
13388,1
13389,1
13390,1
13391,1
13392,1
13393,1
13394,1
13395,1
13396,1
13397,1
13398,1
13399,1
13400,1
13401,1
13402,1
13403,1
13404,1
13405,1
13406,1
13407,1
13408,1
13409,1
13410,1
13411,1
13412,1
13413,1
13414,1
13415,1
13416,1
13417,1
13418,1
13419,1
13420,1
13421,1
13422,1
13423,1
13424,1
13425,1
13426,1
13427,1
13428,1
13429,1
13430,1
13431,1
13432,1
13433,1
13434,1
13435,1
13436,1
13437,1
13438,1
13439,1
13440,1
13441,1
13442,1
13443,1
13444,1
13445,1
13446,1
13447,1
13448,1
13449,1
13450,1
13451,1
13452,1
13453,1
13454,1
13455,1
13456,1
13457,1
13458,1
13459,1
13460,1
13461,1
13462,1
13463,1
13464,1
13465,1
13466,1
13467,1
13468,1
13469,1
13470,1
13471,1
13472,1
13473,1
13474,1
13475,1
13476,1
13477,1
13478,1
13479,1
13480,1
13481,1
13482,1
13483,1
13484,1
13485,1
13486,1
13487,1
13488,1
13489,1
13490,1
13491,1
13492,1
13493,1
13494,1
13495,1
13496,1
13497,1
13498,1
13499,1
13500,1
13501,1
13502,1
13503,1
13504,1
13505,1
13506,1
13507,1
13508,1
13509,1
13510,1
13511,1
13512,1
13513,1
13514,1
13515,1
13516,1
13517,1
13518,1
13519,1
13520,1
13521,1
13522,1
13523,1
13524,1
13525,1
13526,1
13527,1
13528,1
13529,1
13530,1
13531,1
13532,1
13533,1
13534,1
13535,1
13536,1
13537,1
13538,1
13539,1
13540,1
13541,1
13542,1
13543,1
13544,1
13545,1
13546,1
13547,1
13548,1
13549,1
13550,1
13551,1
13552,1
13553,1
13554,1
13555,1
13556,1
13557,1
13558,1
13559,1
13560,1
13561,1
13562,1
13563,1
13564,1
13565,1
13566,1
13567,1
13568,1
13569,1
13570,1
13571,1
13572,1
13573,1
13574,1
13575,1
13576,1
13577,1
13578,1
13579,1
13580,1
13581,1
13582,1
13583,1
13584,1
13585,1
13586,1
13587,1
13588,1
13589,1
13590,1
13591,1
13592,1
13593,1
13594,1
13595,1
13596,1
13597,1
13598,1
13599,1
13600,1
13601,1
13602,1
13603,1
13604,1
13605,1
13606,1
13607,1
13608,1
13609,1
13610,1
13611,1
13612,1
13613,1
13614,1
13615,1
13616,1
13617,1
13618,1
13619,1
13620,1
13621,1
13622,1
13623,1
13624,1
13625,1
13626,1
13627,1
13628,1
13629,1
13630,1
13631,1
13632,1
13633,1
13634,1
13635,1
13636,1
13637,1
13638,1
13639,1
13640,1
13641,1
13642,1
13643,1
13644,1
13645,1
13646,1
13647,1
13648,1
13649,1
13650,1
13651,1
13652,1
13653,1
13654,1
13655,1
13656,1
13657,1
13658,1
13659,1
13660,1
13661,1
13662,1
13663,1
13664,1
13665,1
13666,1
13667,1
13668,1
13669,1
13670,1
13671,1
13672,1
13673,1
13674,1
13675,1
13676,1
13677,1
13678,1
13679,1
13680,1
13681,1
13682,1
13683,1
13684,1
13685,1
13686,1
13687,1
13688,1
13689,1
13690,1
13691,1
13692,1
13693,1
13694,1
13695,1
13696,1
13697,1
13698,1
13699,1
13700,1
13701,1
13702,1
13703,1
13704,1
13705,1
13706,1
13707,1
13708,1
13709,1
13710,1
13711,1
13712,1
13713,1
13714,1
13715,1
13716,1
13717,1
13718,1
13719,1
13720,1
13721,1
13722,1
13723,1
13724,1
13725,1
13726,1
13727,1
13728,1
13729,1
13730,1
13731,1
13732,1
13733,1
13734,1
13735,1
13736,1
13737,1
13738,1
13739,1
13740,1
13741,1
13742,1
13743,1
13744,1
13745,1
13746,1
13747,1
13748,1
13749,1
13750,1
13751,1
13752,1
13753,1
13754,1
13755,1
13756,1
13757,1
13758,1
13759,1
13760,1
13761,1
13762,1
13763,1
13764,1
13765,1
13766,1
13767,1
13768,1
13769,1
13770,1
13771,1
13772,1
13773,1
13774,1
13775,1
13776,1
13777,1
13778,1
13779,1
13780,1
13781,1
13782,1
13783,1
13784,1
13785,1
13786,1
13787,1
13788,1
13789,1
13790,1
13791,1
13792,1
13793,1
13794,1
13795,1
13796,1
13797,1
13798,1
13799,1
13800,1
13801,1
13802,1
13803,1
13804,1
13805,1
13806,1
13807,1
13808,1
13809,1
13810,1
13811,1
13812,1
13813,1
13814,1
13815,1
13816,1
13817,1
13818,1
13819,1
13820,1
13821,1
13822,1
13823,1
13824,1
13825,1
13826,1
13827,1
13828,1
13829,1
13830,1
13831,1
13832,1
13833,1
13834,1
13835,1
13836,1
13837,1
13838,1
13839,1
13840,1
13841,1
13842,1
13843,1
13844,1
13845,1
13846,1
13847,1
13848,1
13849,1
13850,1
13851,1
13852,1
13853,1
13854,1
13855,1
13856,1
13857,1
13858,1
13859,1
13860,1
13861,1
13862,1
13863,1
13864,1
13865,1
13866,1
13867,1
13868,1
13869,1
13870,1
13871,1
13872,1
13873,1
13874,1
13875,1
13876,1
13877,1
13878,1
13879,1
13880,1
13881,1
13882,1
13883,1
13884,1
13885,1
13886,1
13887,1
13888,1
13889,1
13890,1
13891,1
13892,1
13893,1
13894,1
13895,1
13896,1
13897,1
13898,1
13899,1
13900,1
13901,1
13902,1
13903,1
13904,1
13905,1
13906,1
13907,1
13908,1
13909,1
13910,1
13911,1
13912,1
13913,1
13914,1
13915,1
13916,1
13917,1
13918,1
13919,1
13920,1
13921,1
13922,1
13923,1
13924,1
13925,1
13926,1
13927,1
13928,1
13929,1
13930,1
13931,1
13932,1
13933,1
13934,1
13935,1
13936,1
13937,1
13938,1
13939,1
13940,1
13941,1
13942,1
13943,1
13944,1
13945,1
13946,1
13947,1
13948,1
13949,1
13950,1
13951,1
13952,1
13953,1
13954,1
13955,1
13956,1
13957,1
13958,1
13959,1
13960,1
13961,1
13962,1
13963,1
13964,1
13965,1
13966,1
13967,1
13968,1
13969,1
13970,1
13971,1
13972,1
13973,1
13974,1
13975,1
13976,1
13977,1
13978,1
13979,1
13980,1
13981,1
13982,1
13983,1
13984,1
13985,1
13986,1
13987,1
13988,1
13989,1
13990,1
13991,1
13992,1
13993,1
13994,1
13995,1
13996,1
13997,1
13998,1
13999,1
14000,1
14001,1
14002,1
14003,1
14004,1
14005,1
14006,1
14007,1
14008,1
14009,1
14010,1
14011,1
14012,1
14013,1
14014,1
14015,1
14016,1
14017,1
14018,1
14019,1
14020,1
14021,1
14022,1
14023,1
14024,1
14025,1
14026,1
14027,1
14028,1
14029,1
14030,1
14031,1
14032,1
14033,1
14034,1
14035,1
14036,1
14037,1
14038,1
14039,1
14040,1
14041,1
14042,1
14043,1
14044,1
14045,1
14046,1
14047,1
14048,1
14049,1
14050,1
14051,1
14052,1
14053,1
14054,1
14055,1
14056,1
14057,1
14058,1
14059,1
14060,1
14061,1
14062,1
14063,1
14064,1
14065,1
14066,1
14067,1
14068,1
14069,1
14070,1
14071,1
14072,1
14073,1
14074,1
14075,1
14076,1
14077,1
14078,1
14079,1
14080,1
14081,1
14082,1
14083,1
14084,1
14085,1
14086,1
14087,1
14088,1
14089,1
14090,1
14091,1
14092,1
14093,1
14094,1
14095,1
14096,1
14097,1
14098,1
14099,1
14100,1
14101,1
14102,1
14103,1
14104,1
14105,1
14106,1
14107,1
14108,1
14109,1
14110,1
14111,1
14112,1
14113,1
14114,1
14115,1
14116,1
14117,1
14118,1
14119,1
14120,1
14121,1
14122,1
14123,1
14124,1
14125,1
14126,1
14127,1
14128,1
14129,1
14130,1
14131,1
14132,1
14133,1
14134,1
14135,1
14136,1
14137,1
14138,1
14139,1
14140,1
14141,1
14142,1
14143,1
14144,1
14145,1
14146,1
14147,1
14148,1
14149,1
14150,1
14151,1
14152,1
14153,1
14154,1
14155,1
14156,1
14157,1
14158,1
14159,1
14160,1
14161,1
14162,1
14163,1
14164,1
14165,1
14166,1
14167,1
14168,1
14169,1
14170,1
14171,1
14172,1
14173,1
14174,1
14175,1
14176,1
14177,1
14178,1
14179,1
14180,1
14181,1
14182,1
14183,1
14184,1
14185,1
14186,1
14187,1
14188,1
14189,1
14190,1
14191,1
14192,1
14193,1
14194,1
14195,1
14196,1
14197,1
14198,1
14199,1
14200,1
14201,1
14202,1
14203,1
14204,1
14205,1
14206,1
14207,1
14208,1
14209,1
14210,1
14211,1
14212,1
14213,1
14214,1
14215,1
14216,1
14217,1
14218,1
14219,1
14220,1
14221,1
14222,1
14223,1
14224,1
14225,1
14226,1
14227,1
14228,1
14229,1
14230,1
14231,1
14232,1
14233,1
14234,1
14235,1
14236,1
14237,1
14238,1
14239,1
14240,1
14241,1
14242,1
14243,1
14244,1
14245,1
14246,1
14247,1
14248,1
14249,1
14250,1
14251,1
14252,1
14253,1
14254,1
14255,1
14256,1
14257,1
14258,1
14259,1
14260,1
14261,1
14262,1
14263,1
14264,1
14265,1
14266,1
14267,1
14268,1
14269,1
14270,1
14271,1
14272,1
14273,1
14274,1
14275,1
14276,1
14277,1
14278,1
14279,1
14280,1
14281,1
14282,1
14283,1
14284,1
14285,1
14286,1
14287,1
14288,1
14289,1
14290,1
14291,1
14292,1
14293,1
14294,1
14295,1
14296,1
14297,1
14298,1
14299,1
14300,1
14301,1
14302,1
14303,1
14304,1
14305,1
14306,1
14307,1
14308,1
14309,1
14310,1
14311,1
14312,1
14313,1
14314,1
14315,1
14316,1
14317,1
14318,1
14319,1
14320,1
14321,1
14322,1
14323,1
14324,1
14325,1
14326,1
14327,1
14328,1
14329,1
14330,1
14331,1
14332,1
14333,1
14334,1
14335,1
14336,1
14337,1
14338,1
14339,1
14340,1
14341,1
14342,1
14343,1
14344,1
14345,1
14346,1
14347,1
14348,1
14349,1
14350,1
14351,1
14352,1
14353,1
14354,1
14355,1
14356,1
14357,1
14358,1
14359,1
14360,1
14361,1
14362,1
14363,1
14364,1
14365,1
14366,1
14367,1
14368,1
14369,1
14370,1
14371,1
14372,1
14373,1
14374,1
14375,1
14376,1
14377,1
14378,1
14379,1
14380,1
14381,1
14382,1
14383,1
14384,1
14385,1
14386,1
14387,1
14388,1
14389,1
14390,1
14391,1
14392,1
14393,1
14394,1
14395,1
14396,1
14397,1
14398,1
14399,1
14400,1
14401,1
14402,1
14403,1
14404,1
14405,1
14406,1
14407,1
14408,1
14409,1
14410,1
14411,1
14412,1
14413,1
14414,1
14415,1
14416,1
14417,1
14418,1
14419,1
14420,1
14421,1
14422,1
14423,1
14424,1
14425,1
14426,1
14427,1
14428,1
14429,1
14430,1
14431,1
14432,1
14433,1
14434,1
14435,1
14436,1
14437,1
14438,1
14439,1
14440,1
14441,1
14442,1
14443,1
14444,1
14445,1
14446,1
14447,1
14448,1
14449,1
14450,1
14451,1
14452,1
14453,1
14454,1
14455,1
14456,1
14457,1
14458,1
14459,1
14460,1
14461,1
14462,1
14463,1
14464,1
14465,1
14466,1
14467,1
14468,1
14469,1
14470,1
14471,1
14472,1
14473,1
14474,1
14475,1
14476,1
14477,1
14478,1
14479,1
14480,1
14481,1
14482,1
14483,1
14484,1
14485,1
14486,1
14487,1
14488,1
14489,1
14490,1
14491,1
14492,1
14493,1
14494,1
14495,1
14496,1
14497,1
14498,1
14499,1
14500,1
14501,1
14502,1
14503,1
14504,1
14505,1
14506,1
14507,1
14508,1
14509,1
14510,1
14511,1
14512,1
14513,1
14514,1
14515,1
14516,1
14517,1
14518,1
14519,1
14520,1
14521,1
14522,1
14523,1
14524,1
14525,1
14526,1
14527,1
14528,1
14529,1
14530,1
14531,1
14532,1
14533,1
14534,1
14535,1
14536,1
14537,1
14538,1
14539,1
14540,1
14541,1
14542,1
14543,1
14544,1
14545,1
14546,1
14547,1
14548,1
14549,1
14550,1
14551,1
14552,1
14553,1
14554,1
14555,1
14556,1
14557,1
14558,1
14559,1
14560,1
14561,1
14562,1
14563,1
14564,1
14565,1
14566,1
14567,1
14568,1
14569,1
14570,1
14571,1
14572,1
14573,1
14574,1
14575,1
14576,1
14577,1
14578,1
14579,1
14580,1
14581,1
14582,1
14583,1
14584,1
14585,1
14586,1
14587,1
14588,1
14589,1
14590,1
14591,1
14592,1
14593,1
14594,1
14595,1
14596,1
14597,1
14598,1
14599,1
14600,1
14601,1
14602,1
14603,1
14604,1
14605,1
14606,1
14607,1
14608,1
14609,1
14610,1
14611,1
14612,1
14613,1
14614,1
14615,1
14616,1
14617,1
14618,1
14619,1
14620,1
14621,1
14622,1
14623,1
14624,1
14625,1
14626,1
14627,1
14628,1
14629,1
14630,1
14631,1
14632,1
14633,1
14634,1
14635,1
14636,1
14637,1
14638,1
14639,1
14640,1
14641,1
14642,1
14643,1
14644,1
14645,1
14646,1
14647,1
14648,1
14649,1
14650,1
14651,1
14652,1
14653,1
14654,1
14655,1
14656,1
14657,1
14658,1
14659,1
14660,1
14661,1
14662,1
14663,1
14664,1
14665,1
14666,1
14667,1
14668,1
14669,1
14670,1
14671,1
14672,1
14673,1
14674,1
14675,1
14676,1
14677,1
14678,1
14679,1
14680,1
14681,1
14682,1
14683,1
14684,1
14685,1
14686,1
14687,1
14688,1
14689,1
14690,1
14691,1
14692,1
14693,1
14694,1
14695,1
14696,1
14697,1
14698,1
14699,1
14700,1
14701,1
14702,1
14703,1
14704,1
14705,1
14706,1
14707,1
14708,1
14709,1
14710,1
14711,1
14712,1
14713,1
14714,1
14715,1
14716,1
14717,1
14718,1
14719,1
14720,1
14721,1
14722,1
14723,1
14724,1
14725,1
14726,1
14727,1
14728,1
14729,1
14730,1
14731,1
14732,1
14733,1
14734,1
14735,1
14736,1
14737,1
14738,1
14739,1
14740,1
14741,1
14742,1
14743,1
14744,1
14745,1
14746,1
14747,1
14748,1
14749,1
14750,1
14751,1
14752,1
14753,1
14754,1
14755,1
14756,1
14757,1
14758,1
14759,1
14760,1
14761,1
14762,1
14763,1
14764,1
14765,1
14766,1
14767,1
14768,1
14769,1
14770,1
14771,1
14772,1
14773,1
14774,1
14775,1
14776,1
14777,1
14778,1
14779,1
14780,1
14781,1
14782,1
14783,1
14784,1
14785,1
14786,1
14787,1
14788,1
14789,1
14790,1
14791,1
14792,1
14793,1
14794,1
14795,1
14796,1
14797,1
14798,1
14799,1
14800,1
14801,1
14802,1
14803,1
14804,1
14805,1
14806,1
14807,1
14808,1
14809,1
14810,1
14811,1
14812,1
14813,1
14814,1
14815,1
14816,1
14817,1
14818,1
14819,1
14820,1
14821,1
14822,1
14823,1
14824,1
14825,1
14826,1
14827,1
14828,1
14829,1
14830,1
14831,1
14832,1
14833,1
14834,1
14835,1
14836,1
14837,1
14838,1
14839,1
14840,1
14841,1
14842,1
14843,1
14844,1
14845,1
14846,1
14847,1
14848,1
14849,1
14850,1
14851,1
14852,1
14853,1
14854,1
14855,1
14856,1
14857,1
14858,1
14859,1
14860,1
14861,1
14862,1
14863,1
14864,1
14865,1
14866,1
14867,1
14868,1
14869,1
14870,1
14871,1
14872,1
14873,1
14874,1
14875,1
14876,1
14877,1
14878,1
14879,1
14880,1
14881,1
14882,1
14883,1
14884,1
14885,1
14886,1
14887,1
14888,1
14889,1
14890,1
14891,1
14892,1
14893,1
14894,1
14895,1
14896,1
14897,1
14898,1
14899,1
14900,1
14901,1
14902,1
14903,1
14904,1
14905,1
14906,1
14907,1
14908,1
14909,1
14910,1
14911,1
14912,1
14913,1
14914,1
14915,1
14916,1
14917,1
14918,1
14919,1
14920,1
14921,1
14922,1
14923,1
14924,1
14925,1
14926,1
14927,1
14928,1
14929,1
14930,1
14931,1
14932,1
14933,1
14934,1
14935,1
14936,1
14937,1
14938,1
14939,1
14940,1
14941,1
14942,1
14943,1
14944,1
14945,1
14946,1
14947,1
14948,1
14949,1
14950,1
14951,1
14952,1
14953,1
14954,1
14955,1
14956,1
14957,1
14958,1
14959,1
14960,1
14961,1
14962,1
14963,1
14964,1
14965,1
14966,1
14967,1
14968,1
14969,1
14970,1
14971,1
14972,1
14973,1
14974,1
14975,1
14976,1
14977,1
14978,1
14979,1
14980,1
14981,1
14982,1
14983,1
14984,1
14985,1
14986,1
14987,1
14988,1
14989,1
14990,1
14991,1
14992,1
14993,1
14994,1
14995,1
14996,1
14997,1
14998,1
14999,1
15000,1
15001,1
15002,1
15003,1
15004,1
15005,1
15006,1
15007,1
15008,1
15009,1
15010,1
15011,1
15012,1
15013,1
15014,1
15015,1
15016,1
15017,1
15018,1
15019,1
15020,1
15021,1
15022,1
15023,1
15024,1
15025,1
15026,1
15027,1
15028,1
15029,1
15030,1
15031,1
15032,1
15033,1
15034,1
15035,1
15036,1
15037,1
15038,1
15039,1
15040,1
15041,1
15042,1
15043,1
15044,1
15045,1
15046,1
15047,1
15048,1
15049,1
15050,1
15051,1
15052,1
15053,1
15054,1
15055,1
15056,1
15057,1
15058,1
15059,1
15060,1
15061,1
15062,1
15063,1
15064,1
15065,1
15066,1
15067,1
15068,1
15069,1
15070,1
15071,1
15072,1
15073,1
15074,1
15075,1
15076,1
15077,1
15078,1
15079,1
15080,1
15081,1
15082,1
15083,1
15084,1
15085,1
15086,1
15087,1
15088,1
15089,1
15090,1
15091,1
15092,1
15093,1
15094,1
15095,1
15096,1
15097,1
15098,1
15099,1
15100,1
15101,1
15102,1
15103,1
15104,1
15105,1
15106,1
15107,1
15108,1
15109,1
15110,1
15111,1
15112,1
15113,1
15114,1
15115,1
15116,1
15117,1
15118,1
15119,1
15120,1
15121,1
15122,1
15123,1
15124,1
15125,1
15126,1
15127,1
15128,1
15129,1
15130,1
15131,1
15132,1
15133,1
15134,1
15135,1
15136,1
15137,1
15138,1
15139,1
15140,1
15141,1
15142,1
15143,1
15144,1
15145,1
15146,1
15147,1
15148,1
15149,1
15150,1
15151,1
15152,1
15153,1
15154,1
15155,1
15156,1
15157,1
15158,1
15159,1
15160,1
15161,1
15162,1
15163,1
15164,1
15165,1
15166,1
15167,1
15168,1
15169,1
15170,1
15171,1
15172,1
15173,1
15174,1
15175,1
15176,1
15177,1
15178,1
15179,1
15180,1
15181,1
15182,1
15183,1
15184,1
15185,1
15186,1
15187,1
15188,1
15189,1
15190,1
15191,1
15192,1
15193,1
15194,1
15195,1
15196,1
15197,1
15198,1
15199,1
15200,1
15201,1
15202,1
15203,1
15204,1
15205,1
15206,1
15207,1
15208,1
15209,1
15210,1
15211,1
15212,1
15213,1
15214,1
15215,1
15216,1
15217,1
15218,1
15219,1
15220,1
15221,1
15222,1
15223,1
15224,1
15225,1
15226,1
15227,1
15228,1
15229,1
15230,1
15231,1
15232,1
15233,1
15234,1
15235,1
15236,1
15237,1
15238,1
15239,1
15240,1
15241,1
15242,1
15243,1
15244,1
15245,1
15246,1
15247,1
15248,1
15249,1
15250,1
15251,1
15252,1
15253,1
15254,1
15255,1
15256,1
15257,1
15258,1
15259,1
15260,1
15261,1
15262,1
15263,1
15264,1
15265,1
15266,1
15267,1
15268,1
15269,1
15270,1
15271,1
15272,1
15273,1
15274,1
15275,1
15276,1
15277,1
15278,1
15279,1
15280,1
15281,1
15282,1
15283,1
15284,1
15285,1
15286,1
15287,1
15288,1
15289,1
15290,1
15291,1
15292,1
15293,1
15294,1
15295,1
15296,1
15297,1
15298,1
15299,1
15300,1
15301,1
15302,1
15303,1
15304,1
15305,1
15306,1
15307,1
15308,1
15309,1
15310,1
15311,1
15312,1
15313,1
15314,1
15315,1
15316,1
15317,1
15318,1
15319,1
15320,1
15321,1
15322,1
15323,1
15324,1
15325,1
15326,1
15327,1
15328,1
15329,1
15330,1
15331,1
15332,1
15333,1
15334,1
15335,1
15336,1
15337,1
15338,1
15339,1
15340,1
15341,1
15342,1
15343,1
15344,1
15345,1
15346,1
15347,1
15348,1
15349,1
15350,1
15351,1
15352,1
15353,1
15354,1
15355,1
15356,1
15357,1
15358,1
15359,1
15360,1
15361,1
15362,1
15363,1
15364,1
15365,1
15366,1
15367,1
15368,1
15369,1
15370,1
15371,1
15372,1
15373,1
15374,1
15375,1
15376,1
15377,1
15378,1
15379,1
15380,1
15381,1
15382,1
15383,1
15384,1
15385,1
15386,1
15387,1
15388,1
15389,1
15390,1
15391,1
15392,1
15393,1
15394,1
15395,1
15396,1
15397,1
15398,1
15399,1
15400,1
15401,1
15402,1
15403,1
15404,1
15405,1
15406,1
15407,1
15408,1
15409,1
15410,1
15411,1
15412,1
15413,1
15414,1
15415,1
15416,1
15417,1
15418,1
15419,1
15420,1
15421,1
15422,1
15423,1
15424,1
15425,1
15426,1
15427,1
15428,1
15429,1
15430,1
15431,1
15432,1
15433,1
15434,1
15435,1
15436,1
15437,1
15438,1
15439,1
15440,1
15441,1
15442,1
15443,1
15444,1
15445,1
15446,1
15447,1
15448,1
15449,1
15450,1
15451,1
15452,1
15453,1
15454,1
15455,1
15456,1
15457,1
15458,1
15459,1
15460,1
15461,1
15462,1
15463,1
15464,1
15465,1
15466,1
15467,1
15468,1
15469,1
15470,1
15471,1
15472,1
15473,1
15474,1
15475,1
15476,1
15477,1
15478,1
15479,1
15480,1
15481,1
15482,1
15483,1
15484,1
15485,1
15486,1
15487,1
15488,1
15489,1
15490,1
15491,1
15492,1
15493,1
15494,1
15495,1
15496,1
15497,1
15498,1
15499,1
15500,1
15501,1
15502,1
15503,1
15504,1
15505,1
15506,1
15507,1
15508,1
15509,1
15510,1
15511,1
15512,1
15513,1
15514,1
15515,1
15516,1
15517,1
15518,1
15519,1
15520,1
15521,1
15522,1
15523,1
15524,1
15525,1
15526,1
15527,1
15528,1
15529,1
15530,1
15531,1
15532,1
15533,1
15534,1
15535,1
15536,1
15537,1
15538,1
15539,1
15540,1
15541,1
15542,1
15543,1
15544,1
15545,1
15546,1
15547,1
15548,1
15549,1
15550,1
15551,1
15552,1
15553,1
15554,1
15555,1
15556,1
15557,1
15558,1
15559,1
15560,1
15561,1
15562,1
15563,1
15564,1
15565,1
15566,1
15567,1
15568,1
15569,1
15570,1
15571,1
15572,1
15573,1
15574,1
15575,1
15576,1
15577,1
15578,1
15579,1
15580,1
15581,1
15582,1
15583,1
15584,1
15585,1
15586,1
15587,1
15588,1
15589,1
15590,1
15591,1
15592,1
15593,1
15594,1
15595,1
15596,1
15597,1
15598,1
15599,1
15600,1
15601,1
15602,1
15603,1
15604,1
15605,1
15606,1
15607,1
15608,1
15609,1
15610,1
15611,1
15612,1
15613,1
15614,1
15615,1
15616,1
15617,1
15618,1
15619,1
15620,1
15621,1
15622,1
15623,1
15624,1
15625,1
15626,1
15627,1
15628,1
15629,1
15630,1
15631,1
15632,1
15633,1
15634,1
15635,1
15636,1
15637,1
15638,1
15639,1
15640,1
15641,1
15642,1
15643,1
15644,1
15645,1
15646,1
15647,1
15648,1
15649,1
15650,1
15651,1
15652,1
15653,1
15654,1
15655,1
15656,1
15657,1
15658,1
15659,1
15660,1
15661,1
15662,1
15663,1
15664,1
15665,1
15666,1
15667,1
15668,1
15669,1
15670,1
15671,1
15672,1
15673,1
15674,1
15675,1
15676,1
15677,1
15678,1
15679,1
15680,1
15681,1
15682,1
15683,1
15684,1
15685,1
15686,1
15687,1
15688,1
15689,1
15690,1
15691,1
15692,1
15693,1
15694,1
15695,1
15696,1
15697,1
15698,1
15699,1
15700,1
15701,1
15702,1
15703,1
15704,1
15705,1
15706,1
15707,1
15708,1
15709,1
15710,1
15711,1
15712,1
15713,1
15714,1
15715,1
15716,1
15717,1
15718,1
15719,1
15720,1
15721,1
15722,1
15723,1
15724,1
15725,1
15726,1
15727,1
15728,1
15729,1
15730,1
15731,1
15732,1
15733,1
15734,1
15735,1
15736,1
15737,1
15738,1
15739,1
15740,1
15741,1
15742,1
15743,1
15744,1
15745,1
15746,1
15747,1
15748,1
15749,1
15750,1
15751,1
15752,1
15753,1
15754,1
15755,1
15756,1
15757,1
15758,1
15759,1
15760,1
15761,1
15762,1
15763,1
15764,1
15765,1
15766,1
15767,1
15768,1
15769,1
15770,1
15771,1
15772,1
15773,1
15774,1
15775,1
15776,1
15777,1
15778,1
15779,1
15780,1
15781,1
15782,1
15783,1
15784,1
15785,1
15786,1
15787,1
15788,1
15789,1
15790,1
15791,1
15792,1
15793,1
15794,1
15795,1
15796,1
15797,1
15798,1
15799,1
15800,1
15801,1
15802,1
15803,1
15804,1
15805,1
15806,1
15807,1
15808,1
15809,1
15810,1
15811,1
15812,1
15813,1
15814,1
15815,1
15816,1
15817,1
15818,1
15819,1
15820,1
15821,1
15822,1
15823,1
15824,1
15825,1
15826,1
15827,1
15828,1
15829,1
15830,1
15831,1
15832,1
15833,1
15834,1
15835,1
15836,1
15837,1
15838,1
15839,1
15840,1
15841,1
15842,1
15843,1
15844,1
15845,1
15846,1
15847,1
15848,1
15849,1
15850,1
15851,1
15852,1
15853,1
15854,1
15855,1
15856,1
15857,1
15858,1
15859,1
15860,1
15861,1
15862,1
15863,1
15864,1
15865,1
15866,1
15867,1
15868,1
15869,1
15870,1
15871,1
15872,1
15873,1
15874,1
15875,1
15876,1
15877,1
15878,1
15879,1
15880,1
15881,1
15882,1
15883,1
15884,1
15885,1
15886,1
15887,1
15888,1
15889,1
15890,1
15891,1
15892,1
15893,1
15894,1
15895,1
15896,1
15897,1
15898,1
15899,1
15900,1
15901,1
15902,1
15903,1
15904,1
15905,1
15906,1
15907,1
15908,1
15909,1
15910,1
15911,1
15912,1
15913,1
15914,1
15915,1
15916,1
15917,1
15918,1
15919,1
15920,1
15921,1
15922,1
15923,1
15924,1
15925,1
15926,1
15927,1
15928,1
15929,1
15930,1
15931,1
15932,1
15933,1
15934,1
15935,1
15936,1
15937,1
15938,1
15939,1
15940,1
15941,1
15942,1
15943,1
15944,1
15945,1
15946,1
15947,1
15948,1
15949,1
15950,1
15951,1
15952,1
15953,1
15954,1
15955,1
15956,1
15957,1
15958,1
15959,1
15960,1
15961,1
15962,1
15963,1
15964,1
15965,1
15966,1
15967,1
15968,1
15969,1
15970,1
15971,1
15972,1
15973,1
15974,1
15975,1
15976,1
15977,1
15978,1
15979,1
15980,1
15981,1
15982,1
15983,1
15984,1
15985,1
15986,1
15987,1
15988,1
15989,1
15990,1
15991,1
15992,1
15993,1
15994,1
15995,1
15996,1
15997,1
15998,1
15999,1
16000,1
16001,1
16002,1
16003,1
16004,1
16005,1
16006,1
16007,1
16008,1
16009,1
16010,1
16011,1
16012,1
16013,1
16014,1
16015,1
16016,1
16017,1
16018,1
16019,1
16020,1
16021,1
16022,1
16023,1
16024,1
16025,1
16026,1
16027,1
16028,1
16029,1
16030,1
16031,1
16032,1
16033,1
16034,1
16035,1
16036,1
16037,1
16038,1
16039,1
16040,1
16041,1
16042,1
16043,1
16044,1
16045,1
16046,1
16047,1
16048,1
16049,1
16050,1
16051,1
16052,1
16053,1
16054,1
16055,1
16056,1
16057,1
16058,1
16059,1
16060,1
16061,1
16062,1
16063,1
16064,1
16065,1
16066,1
16067,1
16068,1
16069,1
16070,1
16071,1
16072,1
16073,1
16074,1
16075,1
16076,1
16077,1
16078,1
16079,1
16080,1
16081,1
16082,1
16083,1
16084,1
16085,1
16086,1
16087,1
16088,1
16089,1
16090,1
16091,1
16092,1
16093,1
16094,1
16095,1
16096,1
16097,1
16098,1
16099,1
16100,1
16101,1
16102,1
16103,1
16104,1
16105,1
16106,1
16107,1
16108,1
16109,1
16110,1
16111,1
16112,1
16113,1
16114,1
16115,1
16116,1
16117,1
16118,1
16119,1
16120,1
16121,1
16122,1
16123,1
16124,1
16125,1
16126,1
16127,1
16128,1
16129,1
16130,1
16131,1
16132,1
16133,1
16134,1
16135,1
16136,1
16137,1
16138,1
16139,1
16140,1
16141,1
16142,1
16143,1
16144,1
16145,1
16146,1
16147,1
16148,1
16149,1
16150,1
16151,1
16152,1
16153,1
16154,1
16155,1
16156,1
16157,1
16158,1
16159,1
16160,1
16161,1
16162,1
16163,1
16164,1
16165,1
16166,1
16167,1
16168,1
16169,1
16170,1
16171,1
16172,1
16173,1
16174,1
16175,1
16176,1
16177,1
16178,1
16179,1
16180,1
16181,1
16182,1
16183,1
16184,1
16185,1
16186,1
16187,1
16188,1
16189,1
16190,1
16191,1
16192,1
16193,1
16194,1
16195,1
16196,1
16197,1
16198,1
16199,1
16200,1
16201,1
16202,1
16203,1
16204,1
16205,1
16206,1
16207,1
16208,1
16209,1
16210,1
16211,1
16212,1
16213,1
16214,1
16215,1
16216,1
16217,1
16218,1
16219,1
16220,1
16221,1
16222,1
16223,1
16224,1
16225,1
16226,1
16227,1
16228,1
16229,1
16230,1
16231,1
16232,1
16233,1
16234,1
16235,1
16236,1
16237,1
16238,1
16239,1
16240,1
16241,1
16242,1
16243,1
16244,1
16245,1
16246,1
16247,1
16248,1
16249,1
16250,1
16251,1
16252,1
16253,1
16254,1
16255,1
16256,1
16257,1
16258,1
16259,1
16260,1
16261,1
16262,1
16263,1
16264,1
16265,1
16266,1
16267,1
16268,1
16269,1
16270,1
16271,1
16272,1
16273,1
16274,1
16275,1
16276,1
16277,1
16278,1
16279,1
16280,1
16281,1
16282,1
16283,1
16284,1
16285,1
16286,1
16287,1
16288,1
16289,1
16290,1
16291,1
16292,1
16293,1
16294,1
16295,1
16296,1
16297,1
16298,1
16299,1
16300,1
16301,1
16302,1
16303,1
16304,1
16305,1
16306,1
16307,1
16308,1
16309,1
16310,1
16311,1
16312,1
16313,1
16314,1
16315,1
16316,1
16317,1
16318,1
16319,1
16320,1
16321,1
16322,1
16323,1
16324,1
16325,1
16326,1
16327,1
16328,1
16329,1
16330,1
16331,1
16332,1
16333,1
16334,1
16335,1
16336,1
16337,1
16338,1
16339,1
16340,1
16341,1
16342,1
16343,1
16344,1
16345,1
16346,1
16347,1
16348,1
16349,1
16350,1
16351,1
16352,1
16353,1
16354,1
16355,1
16356,1
16357,1
16358,1
16359,1
16360,1
16361,1
16362,1
16363,1
16364,1
16365,1
16366,1
16367,1
16368,1
16369,1
16370,1
16371,1
16372,1
16373,1
16374,1
16375,1
16376,1
16377,1
16378,1
16379,1
16380,1
16381,1
16382,1
16383,1
16384,1
16385,1
16386,1
16387,1
16388,1
16389,1
16390,1
16391,1
16392,1
16393,1
16394,1
16395,1
16396,1
16397,1
16398,1
16399,1
16400,1
16401,1
16402,1
16403,1
16404,1
16405,1
16406,1
16407,1
16408,1
16409,1
16410,1
16411,1
16412,1
16413,1
16414,1
16415,1
16416,1
16417,1
16418,1
16419,1
16420,1
16421,1
16422,1
16423,1
16424,1
16425,1
16426,1
16427,1
16428,1
16429,1
16430,1
16431,1
16432,1
16433,1
16434,1
16435,1
16436,1
16437,1
16438,1
16439,1
16440,1
16441,1
16442,1
16443,1
16444,1
16445,1
16446,1
16447,1
16448,1
16449,1
16450,1
16451,1
16452,1
16453,1
16454,1
16455,1
16456,1
16457,1
16458,1
16459,1
16460,1
16461,1
16462,1
16463,1
16464,1
16465,1
16466,1
16467,1
16468,1
16469,1
16470,1
16471,1
16472,1
16473,1
16474,1
16475,1
16476,1
16477,1
16478,1
16479,1
16480,1
16481,1
16482,1
16483,1
16484,1
16485,1
16486,1
16487,1
16488,1
16489,1
16490,1
16491,1
16492,1
16493,1
16494,1
16495,1
16496,1
16497,1
16498,1
16499,1
16500,1
16501,1
16502,1
16503,1
16504,1
16505,1
16506,1
16507,1
16508,1
16509,1
16510,1
16511,1
16512,1
16513,1
16514,1
16515,1
16516,1
16517,1
16518,1
16519,1
16520,1
16521,1
16522,1
16523,1
16524,1
16525,1
16526,1
16527,1
16528,1
16529,1
16530,1
16531,1
16532,1
16533,1
16534,1
16535,1
16536,1
16537,1
16538,1
16539,1
16540,1
16541,1
16542,1
16543,1
16544,1
16545,1
16546,1
16547,1
16548,1
16549,1
16550,1
16551,1
16552,1
16553,1
16554,1
16555,1
16556,1
16557,1
16558,1
16559,1
16560,1
16561,1
16562,1
16563,1
16564,1
16565,1
16566,1
16567,1
16568,1
16569,1
16570,1
16571,1
16572,1
16573,1
16574,1
16575,1
16576,1
16577,1
16578,1
16579,1
16580,1
16581,1
16582,1
16583,1
16584,1
16585,1
16586,1
16587,1
16588,1
16589,1
16590,1
16591,1
16592,1
16593,1
16594,1
16595,1
16596,1
16597,1
16598,1
16599,1
16600,1
16601,1
16602,1
16603,1
16604,1
16605,1
16606,1
16607,1
16608,1
16609,1
16610,1
16611,1
16612,1
16613,1
16614,1
16615,1
16616,1
16617,1
16618,1
16619,1
16620,1
16621,1
16622,1
16623,1
16624,1
16625,1
16626,1
16627,1
16628,1
16629,1
16630,1
16631,1
16632,1
16633,1
16634,1
16635,1
16636,1
16637,1
16638,1
16639,1
16640,1
16641,1
16642,1
16643,1
16644,1
16645,1
16646,1
16647,1
16648,1
16649,1
16650,1
16651,1
16652,1
16653,1
16654,1
16655,1
16656,1
16657,1
16658,1
16659,1
16660,1
16661,1
16662,1
16663,1
16664,1
16665,1
16666,1
16667,1
16668,1
16669,1
16670,1
16671,1
16672,1
16673,1
16674,1
16675,1
16676,1
16677,1
16678,1
16679,1
16680,1
16681,1
16682,1
16683,1
16684,1
16685,1
16686,1
16687,1
16688,1
16689,1
16690,1
16691,1
16692,1
16693,1
16694,1
16695,1
16696,1
16697,1
16698,1
16699,1
16700,1
16701,1
16702,1
16703,1
16704,1
16705,1
16706,1
16707,1
16708,1
16709,1
16710,1
16711,1
16712,1
16713,1
16714,1
16715,1
16716,1
16717,1
16718,1
16719,1
16720,1
16721,1
16722,1
16723,1
16724,1
16725,1
16726,1
16727,1
16728,1
16729,1
16730,1
16731,1
16732,1
16733,1
16734,1
16735,1
16736,1
16737,1
16738,1
16739,1
16740,1
16741,1
16742,1
16743,1
16744,1
16745,1
16746,1
16747,1
16748,1
16749,1
16750,1
16751,1
16752,1
16753,1
16754,1
16755,1
16756,1
16757,1
16758,1
16759,1
16760,1
16761,1
16762,1
16763,1
16764,1
16765,1
16766,1
16767,1
16768,1
16769,1
16770,1
16771,1
16772,1
16773,1
16774,1
16775,1
16776,1
16777,1
16778,1
16779,1
16780,1
16781,1
16782,1
16783,1
16784,1
16785,1
16786,1
16787,1
16788,1
16789,1
16790,1
16791,1
16792,1
16793,1
16794,1
16795,1
16796,1
16797,1
16798,1
16799,1
16800,1
16801,1
16802,1
16803,1
16804,1
16805,1
16806,1
16807,1
16808,1
16809,1
16810,1
16811,1
16812,1
16813,1
16814,1
16815,1
16816,1
16817,1
16818,1
16819,1
16820,1
16821,1
16822,1
16823,1
16824,1
16825,1
16826,1
16827,1
16828,1
16829,1
16830,1
16831,1
16832,1
16833,1
16834,1
16835,1
16836,1
16837,1
16838,1
16839,1
16840,1
16841,1
16842,1
16843,1
16844,1
16845,1
16846,1
16847,1
16848,1
16849,1
16850,1
16851,1
16852,1
16853,1
16854,1
16855,1
16856,1
16857,1
16858,1
16859,1
16860,1
16861,1
16862,1
16863,1
16864,1
16865,1
16866,1
16867,1
16868,1
16869,1
16870,1
16871,1
16872,1
16873,1
16874,1
16875,1
16876,1
16877,1
16878,1
16879,1
16880,1
16881,1
16882,1
16883,1
16884,1
16885,1
16886,1
16887,1
16888,1
16889,1
16890,1
16891,1
16892,1
16893,1
16894,1
16895,1
16896,1
16897,1
16898,1
16899,1
16900,1
16901,1
16902,1
16903,1
16904,1
16905,1
16906,1
16907,1
16908,1
16909,1
16910,1
16911,1
16912,1
16913,1
16914,1
16915,1
16916,1
16917,1
16918,1
16919,1
16920,1
16921,1
16922,1
16923,1
16924,1
16925,1
16926,1
16927,1
16928,1
16929,1
16930,1
16931,1
16932,1
16933,1
16934,1
16935,1
16936,1
16937,1
16938,1
16939,1
16940,1
16941,1
16942,1
16943,1
16944,1
16945,1
16946,1
16947,1
16948,1
16949,1
16950,1
16951,1
16952,1
16953,1
16954,1
16955,1
16956,1
16957,1
16958,1
16959,1
16960,1
16961,1
16962,1
16963,1
16964,1
16965,1
16966,1
16967,1
16968,1
16969,1
16970,1
16971,1
16972,1
16973,1
16974,1
16975,1
16976,1
16977,1
16978,1
16979,1
16980,1
16981,1
16982,1
16983,1
16984,1
16985,1
16986,1
16987,1
16988,1
16989,1
16990,1
16991,1
16992,1
16993,1
16994,1
16995,1
16996,1
16997,1
16998,1
16999,1
17000,1
17001,1
17002,1
17003,1
17004,1
17005,1
17006,1
17007,1
17008,1
17009,1
17010,1
17011,1
17012,1
17013,1
17014,1
17015,1
17016,1
17017,1
17018,1
17019,1
17020,1
17021,1
17022,1
17023,1
17024,1
17025,1
17026,1
17027,1
17028,1
17029,1
17030,1
17031,1
17032,1
17033,1
17034,1
17035,1
17036,1
17037,1
17038,1
17039,1
17040,1
17041,1
17042,1
17043,1
17044,1
17045,1
17046,1
17047,1
17048,1
17049,1
17050,1
17051,1
17052,1
17053,1
17054,1
17055,1
17056,1
17057,1
17058,1
17059,1
17060,1
17061,1
17062,1
17063,1
17064,1
17065,1
17066,1
17067,1
17068,1
17069,1
17070,1
17071,1
17072,1
17073,1
17074,1
17075,1
17076,1
17077,1
17078,1
17079,1
17080,1
17081,1
17082,1
17083,1
17084,1
17085,1
17086,1
17087,1
17088,1
17089,1
17090,1
17091,1
17092,1
17093,1
17094,1
17095,1
17096,1
17097,1
17098,1
17099,1
17100,1
17101,1
17102,1
17103,1
17104,1
17105,1
17106,1
17107,1
17108,1
17109,1
17110,1
17111,1
17112,1
17113,1
17114,1
17115,1
17116,1
17117,1
17118,1
17119,1
17120,1
17121,1
17122,1
17123,1
17124,1
17125,1
17126,1
17127,1
17128,1
17129,1
17130,1
17131,1
17132,1
17133,1
17134,1
17135,1
17136,1
17137,1
17138,1
17139,1
17140,1
17141,1
17142,1
17143,1
17144,1
17145,1
17146,1
17147,1
17148,1
17149,1
17150,1
17151,1
17152,1
17153,1
17154,1
17155,1
17156,1
17157,1
17158,1
17159,1
17160,1
17161,1
17162,1
17163,1
17164,1
17165,1
17166,1
17167,1
17168,1
17169,1
17170,1
17171,1
17172,1
17173,1
17174,1
17175,1
17176,1
17177,1
17178,1
17179,1
17180,1
17181,1
17182,1
17183,1
17184,1
17185,1
17186,1
17187,1
17188,1
17189,1
17190,1
17191,1
17192,1
17193,1
17194,1
17195,1
17196,1
17197,1
17198,1
17199,1
17200,1
17201,1
17202,1
17203,1
17204,1
17205,1
17206,1
17207,1
17208,1
17209,1
17210,1
17211,1
17212,1
17213,1
17214,1
17215,1
17216,1
17217,1
17218,1
17219,1
17220,1
17221,1
17222,1
17223,1
17224,1
17225,1
17226,1
17227,1
17228,1
17229,1
17230,1
17231,1
17232,1
17233,1
17234,1
17235,1
17236,1
17237,1
17238,1
17239,1
17240,1
17241,1
17242,1
17243,1
17244,1
17245,1
17246,1
17247,1
17248,1
17249,1
17250,1
17251,1
17252,1
17253,1
17254,1
17255,1
17256,1
17257,1
17258,1
17259,1
17260,1
17261,1
17262,1
17263,1
17264,1
17265,1
17266,1
17267,1
17268,1
17269,1
17270,1
17271,1
17272,1
17273,1
17274,1
17275,1
17276,1
17277,1
17278,1
17279,1
17280,1
17281,1
17282,1
17283,1
17284,1
17285,1
17286,1
17287,1
17288,1
17289,1
17290,1
17291,1
17292,1
17293,1
17294,1
17295,1
17296,1
17297,1
17298,1
17299,1
17300,1
17301,1
17302,1
17303,1
17304,1
17305,1
17306,1
17307,1
17308,1
17309,1
17310,1
17311,1
17312,1
17313,1
17314,1
17315,1
17316,1
17317,1
17318,1
17319,1
17320,1
17321,1
17322,1
17323,1
17324,1
17325,1
17326,1
17327,1
17328,1
17329,1
17330,1
17331,1
17332,1
17333,1
17334,1
17335,1
17336,1
17337,1
17338,1
17339,1
17340,1
17341,1
17342,1
17343,1
17344,1
17345,1
17346,1
17347,1
17348,1
17349,1
17350,1
17351,1
17352,1
17353,1
17354,1
17355,1
17356,1
17357,1
17358,1
17359,1
17360,1
17361,1
17362,1
17363,1
17364,1
17365,1
17366,1
17367,1
17368,1
17369,1
17370,1
17371,1
17372,1
17373,1
17374,1
17375,1
17376,1
17377,1
17378,1
17379,1
17380,1
17381,1
17382,1
17383,1
17384,1
17385,1
17386,1
17387,1
17388,1
17389,1
17390,1
17391,1
17392,1
17393,1
17394,1
17395,1
17396,1
17397,1
17398,1
17399,1
17400,1
17401,1
17402,1
17403,1
17404,1
17405,1
17406,1
17407,1
17408,1
17409,1
17410,1
17411,1
17412,1
17413,1
17414,1
17415,1
17416,1
17417,1
17418,1
17419,1
17420,1
17421,1
17422,1
17423,1
17424,1
17425,1
17426,1
17427,1
17428,1
17429,1
17430,1
17431,1
17432,1
17433,1
17434,1
17435,1
17436,1
17437,1
17438,1
17439,1
17440,1
17441,1
17442,1
17443,1
17444,1
17445,1
17446,1
17447,1
17448,1
17449,1
17450,1
17451,1
17452,1
17453,1
17454,1
17455,1
17456,1
17457,1
17458,1
17459,1
17460,1
17461,1
17462,1
17463,1
17464,1
17465,1
17466,1
17467,1
17468,1
17469,1
17470,1
17471,1
17472,1
17473,1
17474,1
17475,1
17476,1
17477,1
17478,1
17479,1
17480,1
17481,1
17482,1
17483,1
17484,1
17485,1
17486,1
17487,1
17488,1
17489,1
17490,1
17491,1
17492,1
17493,1
17494,1
17495,1
17496,1
17497,1
17498,1
17499,1
17500,1
17501,1
17502,1
17503,1
17504,1
17505,1
17506,1
17507,1
17508,1
17509,1
17510,1
17511,1
17512,1
17513,1
17514,1
17515,1
17516,1
17517,1
17518,1
17519,1
17520,1
17521,1
17522,1
17523,1
17524,1
17525,1
17526,1
17527,1
17528,1
17529,1
17530,1
17531,1
17532,1
17533,1
17534,1
17535,1
17536,1
17537,1
17538,1
17539,1
17540,1
17541,1
17542,1
17543,1
17544,1
17545,1
17546,1
17547,1
17548,1
17549,1
17550,1
17551,1
17552,1
17553,1
17554,1
17555,1
17556,1
17557,1
17558,1
17559,1
17560,1
17561,1
17562,1
17563,1
17564,1
17565,1
17566,1
17567,1
17568,1
17569,1
17570,1
17571,1
17572,1
17573,1
17574,1
17575,1
17576,1
17577,1
17578,1
17579,1
17580,1
17581,1
17582,1
17583,1
17584,1
17585,1
17586,1
17587,1
17588,1
17589,1
17590,1
17591,1
17592,1
17593,1
17594,1
17595,1
17596,1
17597,1
17598,1
17599,1
17600,1
17601,1
17602,1
17603,1
17604,1
17605,1
17606,1
17607,1
17608,1
17609,1
17610,1
17611,1
17612,1
17613,1
17614,1
17615,1
17616,1
17617,1
17618,1
17619,1
17620,1
17621,1
17622,1
17623,1
17624,1
17625,1
17626,1
17627,1
17628,1
17629,1
17630,1
17631,1
17632,1
17633,1
17634,1
17635,1
17636,1
17637,1
17638,1
17639,1
17640,1
17641,1
17642,1
17643,1
17644,1
17645,1
17646,1
17647,1
17648,1
17649,1
17650,1
17651,1
17652,1
17653,1
17654,1
17655,1
17656,1
17657,1
17658,1
17659,1
17660,1
17661,1
17662,1
17663,1
17664,1
17665,1
17666,1
17667,1
17668,1
17669,1
17670,1
17671,1
17672,1
17673,1
17674,1
17675,1
17676,1
17677,1
17678,1
17679,1
17680,1
17681,1
17682,1
17683,1
17684,1
17685,1
17686,1
17687,1
17688,1
17689,1
17690,1
17691,1
17692,1
17693,1
17694,1
17695,1
17696,1
17697,1
17698,1
17699,1
17700,1
17701,1
17702,1
17703,1
17704,1
17705,1
17706,1
17707,1
17708,1
17709,1
17710,1
17711,1
17712,1
17713,1
17714,1
17715,1
17716,1
17717,1
17718,1
17719,1
17720,1
17721,1
17722,1
17723,1
17724,1
17725,1
17726,1
17727,1
17728,1
17729,1
17730,1
17731,1
17732,1
17733,1
17734,1
17735,1
17736,1
17737,1
17738,1
17739,1
17740,1
17741,1
17742,1
17743,1
17744,1
17745,1
17746,1
17747,1
17748,1
17749,1
17750,1
17751,1
17752,1
17753,1
17754,1
17755,1
17756,1
17757,1
17758,1
17759,1
17760,1
17761,1
17762,1
17763,1
17764,1
17765,1
17766,1
17767,1
17768,1
17769,1
17770,1
17771,1
17772,1
17773,1
17774,1
17775,1
17776,1
17777,1
17778,1
17779,1
17780,1
17781,1
17782,1
17783,1
17784,1
17785,1
17786,1
17787,1
17788,1
17789,1
17790,1
17791,1
17792,1
17793,1
17794,1
17795,1
17796,1
17797,1
17798,1
17799,1
17800,1
17801,1
17802,1
17803,1
17804,1
17805,1
17806,1
17807,1
17808,1
17809,1
17810,1
17811,1
17812,1
17813,1
17814,1
17815,1
17816,1
17817,1
17818,1
17819,1
17820,1
17821,1
17822,1
17823,1
17824,1
17825,1
17826,1
17827,1
17828,1
17829,1
17830,1
17831,1
17832,1
17833,1
17834,1
17835,1
17836,1
17837,1
17838,1
17839,1
17840,1
17841,1
17842,1
17843,1
17844,1
17845,1
17846,1
17847,1
17848,1
17849,1
17850,1
17851,1
17852,1
17853,1
17854,1
17855,1
17856,1
17857,1
17858,1
17859,1
17860,1
17861,1
17862,1
17863,1
17864,1
17865,1
17866,1
17867,1
17868,1
17869,1
17870,1
17871,1
17872,1
17873,1
17874,1
17875,1
17876,1
17877,1
17878,1
17879,1
17880,1
17881,1
17882,1
17883,1
17884,1
17885,1
17886,1
17887,1
17888,1
17889,1
17890,1
17891,1
17892,1
17893,1
17894,1
17895,1
17896,1
17897,1
17898,1
17899,1
17900,1
17901,1
17902,1
17903,1
17904,1
17905,1
17906,1
17907,1
17908,1
17909,1
17910,1
17911,1
17912,1
17913,1
17914,1
17915,1
17916,1
17917,1
17918,1
17919,1
17920,1
17921,1
17922,1
17923,1
17924,1
17925,1
17926,1
17927,1
17928,1
17929,1
17930,1
17931,1
17932,1
17933,1
17934,1
17935,1
17936,1
17937,1
17938,1
17939,1
17940,1
17941,1
17942,1
17943,1
17944,1
17945,1
17946,1
17947,1
17948,1
17949,1
17950,1
17951,1
17952,1
17953,1
17954,1
17955,1
17956,1
17957,1
17958,1
17959,1
17960,1
17961,1
17962,1
17963,1
17964,1
17965,1
17966,1
17967,1
17968,1
17969,1
17970,1
17971,1
17972,1
17973,1
17974,1
17975,1
17976,1
17977,1
17978,1
17979,1
17980,1
17981,1
17982,1
17983,1
17984,1
17985,1
17986,1
17987,1
17988,1
17989,1
17990,1
17991,1
17992,1
17993,1
17994,1
17995,1
17996,1
17997,1
17998,1
17999,1
18000,1
18001,1
18002,1
18003,1
18004,1
18005,1
18006,1
18007,1
18008,1
18009,1
18010,1
18011,1
18012,1
18013,1
18014,1
18015,1
18016,1
18017,1
18018,1
18019,1
18020,1
18021,1
18022,1
18023,1
18024,1
18025,1
18026,1
18027,1
18028,1
18029,1
18030,1
18031,1
18032,1
18033,1
18034,1
18035,1
18036,1
18037,1
18038,1
18039,1
18040,1
18041,1
18042,1
18043,1
18044,1
18045,1
18046,1
18047,1
18048,1
18049,1
18050,1
18051,1
18052,1
18053,1
18054,1
18055,1
18056,1
18057,1
18058,1
18059,1
18060,1
18061,1
18062,1
18063,1
18064,1
18065,1
18066,1
18067,1
18068,1
18069,1
18070,1
18071,1
18072,1
18073,1
18074,1
18075,1
18076,1
18077,1
18078,1
18079,1
18080,1
18081,1
18082,1
18083,1
18084,1
18085,1
18086,1
18087,1
18088,1
18089,1
18090,1
18091,1
18092,1
18093,1
18094,1
18095,1
18096,1
18097,1
18098,1
18099,1
18100,1
18101,1
18102,1
18103,1
18104,1
18105,1
18106,1
18107,1
18108,1
18109,1
18110,1
18111,1
18112,1
18113,1
18114,1
18115,1
18116,1
18117,1
18118,1
18119,1
18120,1
18121,1
18122,1
18123,1
18124,1
18125,1
18126,1
18127,1
18128,1
18129,1
18130,1
18131,1
18132,1
18133,1
18134,1
18135,1
18136,1
18137,1
18138,1
18139,1
18140,1
18141,1
18142,1
18143,1
18144,1
18145,1
18146,1
18147,1
18148,1
18149,1
18150,1
18151,1
18152,1
18153,1
18154,1
18155,1
18156,1
18157,1
18158,1
18159,1
18160,1
18161,1
18162,1
18163,1
18164,1
18165,1
18166,1
18167,1
18168,1
18169,1
18170,1
18171,1
18172,1
18173,1
18174,1
18175,1
18176,1
18177,1
18178,1
18179,1
18180,1
18181,1
18182,1
18183,1
18184,1
18185,1
18186,1
18187,1
18188,1
18189,1
18190,1
18191,1
18192,1
18193,1
18194,1
18195,1
18196,1
18197,1
18198,1
18199,1
18200,1
18201,1
18202,1
18203,1
18204,1
18205,1
18206,1
18207,1
18208,1
18209,1
18210,1
18211,1
18212,1
18213,1
18214,1
18215,1
18216,1
18217,1
18218,1
18219,1
18220,1
18221,1
18222,1
18223,1
18224,1
18225,1
18226,1
18227,1
18228,1
18229,1
18230,1
18231,1
18232,1
18233,1
18234,1
18235,1
18236,1
18237,1
18238,1
18239,1
18240,1
18241,1
18242,1
18243,1
18244,1
18245,1
18246,1
18247,1
18248,1
18249,1
18250,1
18251,1
18252,1
18253,1
18254,1
18255,1
18256,1
18257,1
18258,1
18259,1
18260,1
18261,1
18262,1
18263,1
18264,1
18265,1
18266,1
18267,1
18268,1
18269,1
18270,1
18271,1
18272,1
18273,1
18274,1
18275,1
18276,1
18277,1
18278,1
18279,1
18280,1
18281,1
18282,1
18283,1
18284,1
18285,1
18286,1
18287,1
18288,1
18289,1
18290,1
18291,1
18292,1
18293,1
18294,1
18295,1
18296,1
18297,1
18298,1
18299,1
18300,1
18301,1
18302,1
18303,1
18304,1
18305,1
18306,1
18307,1
18308,1
18309,1
18310,1
18311,1
18312,1
18313,1
18314,1
18315,1
18316,1
18317,1
18318,1
18319,1
18320,1
18321,1
18322,1
18323,1
18324,1
18325,1
18326,1
18327,1
18328,1
18329,1
18330,1
18331,1
18332,1
18333,1
18334,1
18335,1
18336,1
18337,1
18338,1
18339,1
18340,1
18341,1
18342,1
18343,1
18344,1
18345,1
18346,1
18347,1
18348,1
18349,1
18350,1
18351,1
18352,1
18353,1
18354,1
18355,1
18356,1
18357,1
18358,1
18359,1
18360,1
18361,1
18362,1
18363,1
18364,1
18365,1
18366,1
18367,1
18368,1
18369,1
18370,1
18371,1
18372,1
18373,1
18374,1
18375,1
18376,1
18377,1
18378,1
18379,1
18380,1
18381,1
18382,1
18383,1
18384,1
18385,1
18386,1
18387,1
18388,1
18389,1
18390,1
18391,1
18392,1
18393,1
18394,1
18395,1
18396,1
18397,1
18398,1
18399,1
18400,1
18401,1
18402,1
18403,1
18404,1
18405,1
18406,1
18407,1
18408,1
18409,1
18410,1
18411,1
18412,1
18413,1
18414,1
18415,1
18416,1
18417,1
18418,1
18419,1
18420,1
18421,1
18422,1
18423,1
18424,1
18425,1
18426,1
18427,1
18428,1
18429,1
18430,1
18431,1
18432,1
18433,1
18434,1
18435,1
18436,1
18437,1
18438,1
18439,1
18440,1
18441,1
18442,1
18443,1
18444,1
18445,1
18446,1
18447,1
18448,1
18449,1
18450,1
18451,1
18452,1
18453,1
18454,1
18455,1
18456,1
18457,1
18458,1
18459,1
18460,1
18461,1
18462,1
18463,1
18464,1
18465,1
18466,1
18467,1
18468,1
18469,1
18470,1
18471,1
18472,1
18473,1
18474,1
18475,1
18476,1
18477,1
18478,1
18479,1
18480,1
18481,1
18482,1
18483,1
18484,1
18485,1
18486,1
18487,1
18488,1
18489,1
18490,1
18491,1
18492,1
18493,1
18494,1
18495,1
18496,1
18497,1
18498,1
18499,1
18500,1
18501,1
18502,1
18503,1
18504,1
18505,1
18506,1
18507,1
18508,1
18509,1
18510,1
18511,1
18512,1
18513,1
18514,1
18515,1
18516,1
18517,1
18518,1
18519,1
18520,1
18521,1
18522,1
18523,1
18524,1
18525,1
18526,1
18527,1
18528,1
18529,1
18530,1
18531,1
18532,1
18533,1
18534,1
18535,1
18536,1
18537,1
18538,1
18539,1
18540,1
18541,1
18542,1
18543,1
18544,1
18545,1
18546,1
18547,1
18548,1
18549,1
18550,1
18551,1
18552,1
18553,1
18554,1
18555,1
18556,1
18557,1
18558,1
18559,1
18560,1
18561,1
18562,1
18563,1
18564,1
18565,1
18566,1
18567,1
18568,1
18569,1
18570,1
18571,1
18572,1
18573,1
18574,1
18575,1
18576,1
18577,1
18578,1
18579,1
18580,1
18581,1
18582,1
18583,1
18584,1
18585,1
18586,1
18587,1
18588,1
18589,1
18590,1
18591,1
18592,1
18593,1
18594,1
18595,1
18596,1
18597,1
18598,1
18599,1
18600,1
18601,1
18602,1
18603,1
18604,1
18605,1
18606,1
18607,1
18608,1
18609,1
18610,1
18611,1
18612,1
18613,1
18614,1
18615,1
18616,1
18617,1
18618,1
18619,1
18620,1
18621,1
18622,1
18623,1
18624,1
18625,1
18626,1
18627,1
18628,1
18629,1
18630,1
18631,1
18632,1
18633,1
18634,1
18635,1
18636,1
18637,1
18638,1
18639,1
18640,1
18641,1
18642,1
18643,1
18644,1
18645,1
18646,1
18647,1
18648,1
18649,1
18650,1
18651,1
18652,1
18653,1
18654,1
18655,1
18656,1
18657,1
18658,1
18659,1
18660,1
18661,1
18662,1
18663,1
18664,1
18665,1
18666,1
18667,1
18668,1
18669,1
18670,1
18671,1
18672,1
18673,1
18674,1
18675,1
18676,1
18677,1
18678,1
18679,1
18680,1
18681,1
18682,1
18683,1
18684,1
18685,1
18686,1
18687,1
18688,1
18689,1
18690,1
18691,1
18692,1
18693,1
18694,1
18695,1
18696,1
18697,1
18698,1
18699,1
18700,1
18701,1
18702,1
18703,1
18704,1
18705,1
18706,1
18707,1
18708,1
18709,1
18710,1
18711,1
18712,1
18713,1
18714,1
18715,1
18716,1
18717,1
18718,1
18719,1
18720,1
18721,1
18722,1
18723,1
18724,1
18725,1
18726,1
18727,1
18728,1
18729,1
18730,1
18731,1
18732,1
18733,1
18734,1
18735,1
18736,1
18737,1
18738,1
18739,1
18740,1
18741,1
18742,1
18743,1
18744,1
18745,1
18746,1
18747,1
18748,1
18749,1
18750,1
18751,1
18752,1
18753,1
18754,1
18755,1
18756,1
18757,1
18758,1
18759,1
18760,1
18761,1
18762,1
18763,1
18764,1
18765,1
18766,1
18767,1
18768,1
18769,1
18770,1
18771,1
18772,1
18773,1
18774,1
18775,1
18776,1
18777,1
18778,1
18779,1
18780,1
18781,1
18782,1
18783,1
18784,1
18785,1
18786,1
18787,1
18788,1
18789,1
18790,1
18791,1
18792,1
18793,1
18794,1
18795,1
18796,1
18797,1
18798,1
18799,1
18800,1
18801,1
18802,1
18803,1
18804,1
18805,1
18806,1
18807,1
18808,1
18809,1
18810,1
18811,1
18812,1
18813,1
18814,1
18815,1
18816,1
18817,1
18818,1
18819,1
18820,1
18821,1
18822,1
18823,1
18824,1
18825,1
18826,1
18827,1
18828,1
18829,1
18830,1
18831,1
18832,1
18833,1
18834,1
18835,1
18836,1
18837,1
18838,1
18839,1
18840,1
18841,1
18842,1
18843,1
18844,1
18845,1
18846,1
18847,1
18848,1
18849,1
18850,1
18851,1
18852,1
18853,1
18854,1
18855,1
18856,1
18857,1
18858,1
18859,1
18860,1
18861,1
18862,1
18863,1
18864,1
18865,1
18866,1
18867,1
18868,1
18869,1
18870,1
18871,1
18872,1
18873,1
18874,1
18875,1
18876,1
18877,1
18878,1
18879,1
18880,1
18881,1
18882,1
18883,1
18884,1
18885,1
18886,1
18887,1
18888,1
18889,1
18890,1
18891,1
18892,1
18893,1
18894,1
18895,1
18896,1
18897,1
18898,1
18899,1
18900,1
18901,1
18902,1
18903,1
18904,1
18905,1
18906,1
18907,1
18908,1
18909,1
18910,1
18911,1
18912,1
18913,1
18914,1
18915,1
18916,1
18917,1
18918,1
18919,1
18920,1
18921,1
18922,1
18923,1
18924,1
18925,1
18926,1
18927,1
18928,1
18929,1
18930,1
18931,1
18932,1
18933,1
18934,1
18935,1
18936,1
18937,1
18938,1
18939,1
18940,1
18941,1
18942,1
18943,1
18944,1
18945,1
18946,1
18947,1
18948,1
18949,1
18950,1
18951,1
18952,1
18953,1
18954,1
18955,1
18956,1
18957,1
18958,1
18959,1
18960,1
18961,1
18962,1
18963,1
18964,1
18965,1
18966,1
18967,1
18968,1
18969,1
18970,1
18971,1
18972,1
18973,1
18974,1
18975,1
18976,1
18977,1
18978,1
18979,1
18980,1
18981,1
18982,1
18983,1
18984,1
18985,1
18986,1
18987,1
18988,1
18989,1
18990,1
18991,1
18992,1
18993,1
18994,1
18995,1
18996,1
18997,1
18998,1
18999,1
19000,1
19001,1
19002,1
19003,1
19004,1
19005,1
19006,1
19007,1
19008,1
19009,1
19010,1
19011,1
19012,1
19013,1
19014,1
19015,1
19016,1
19017,1
19018,1
19019,1
19020,1
19021,1
19022,1
19023,1
19024,1
19025,1
19026,1
19027,1
19028,1
19029,1
19030,1
19031,1
19032,1
19033,1
19034,1
19035,1
19036,1
19037,1
19038,1
19039,1
19040,1
19041,1
19042,1
19043,1
19044,1
19045,1
19046,1
19047,1
19048,1
19049,1
19050,1
19051,1
19052,1
19053,1
19054,1
19055,1
19056,1
19057,1
19058,1
19059,1
19060,1
19061,1
19062,1
19063,1
19064,1
19065,1
19066,1
19067,1
19068,1
19069,1
19070,1
19071,1
19072,1
19073,1
19074,1
19075,1
19076,1
19077,1
19078,1
19079,1
19080,1
19081,1
19082,1
19083,1
19084,1
19085,1
19086,1
19087,1
19088,1
19089,1
19090,1
19091,1
19092,1
19093,1
19094,1
19095,1
19096,1
19097,1
19098,1
19099,1
19100,1
19101,1
19102,1
19103,1
19104,1
19105,1
19106,1
19107,1
19108,1
19109,1
19110,1
19111,1
19112,1
19113,1
19114,1
19115,1
19116,1
19117,1
19118,1
19119,1
19120,1
19121,1
19122,1
19123,1
19124,1
19125,1
19126,1
19127,1
19128,1
19129,1
19130,1
19131,1
19132,1
19133,1
19134,1
19135,1
19136,1
19137,1
19138,1
19139,1
19140,1
19141,1
19142,1
19143,1
19144,1
19145,1
19146,1
19147,1
19148,1
19149,1
19150,1
19151,1
19152,1
19153,1
19154,1
19155,1
19156,1
19157,1
19158,1
19159,1
19160,1
19161,1
19162,1
19163,1
19164,1
19165,1
19166,1
19167,1
19168,1
19169,1
19170,1
19171,1
19172,1
19173,1
19174,1
19175,1
19176,1
19177,1
19178,1
19179,1
19180,1
19181,1
19182,1
19183,1
19184,1
19185,1
19186,1
19187,1
19188,1
19189,1
19190,1
19191,1
19192,1
19193,1
19194,1
19195,1
19196,1
19197,1
19198,1
19199,1
19200,1
19201,1
19202,1
19203,1
19204,1
19205,1
19206,1
19207,1
19208,1
19209,1
19210,1
19211,1
19212,1
19213,1
19214,1
19215,1
19216,1
19217,1
19218,1
19219,1
19220,1
19221,1
19222,1
19223,1
19224,1
19225,1
19226,1
19227,1
19228,1
19229,1
19230,1
19231,1
19232,1
19233,1
19234,1
19235,1
19236,1
19237,1
19238,1
19239,1
19240,1
19241,1
19242,1
19243,1
19244,1
19245,1
19246,1
19247,1
19248,1
19249,1
19250,1
19251,1
19252,1
19253,1
19254,1
19255,1
19256,1
19257,1
19258,1
19259,1
19260,1
19261,1
19262,1
19263,1
19264,1
19265,1
19266,1
19267,1
19268,1
19269,1
19270,1
19271,1
19272,1
19273,1
19274,1
19275,1
19276,1
19277,1
19278,1
19279,1
19280,1
19281,1
19282,1
19283,1
19284,1
19285,1
19286,1
19287,1
19288,1
19289,1
19290,1
19291,1
19292,1
19293,1
19294,1
19295,1
19296,1
19297,1
19298,1
19299,1
19300,1
19301,1
19302,1
19303,1
19304,1
19305,1
19306,1
19307,1
19308,1
19309,1
19310,1
19311,1
19312,1
19313,1
19314,1
19315,1
19316,1
19317,1
19318,1
19319,1
19320,1
19321,1
19322,1
19323,1
19324,1
19325,1
19326,1
19327,1
19328,1
19329,1
19330,1
19331,1
19332,1
19333,1
19334,1
19335,1
19336,1
19337,1
19338,1
19339,1
19340,1
19341,1
19342,1
19343,1
19344,1
19345,1
19346,1
19347,1
19348,1
19349,1
19350,1
19351,1
19352,1
19353,1
19354,1
19355,1
19356,1
19357,1
19358,1
19359,1
19360,1
19361,1
19362,1
19363,1
19364,1
19365,1
19366,1
19367,1
19368,1
19369,1
19370,1
19371,1
19372,1
19373,1
19374,1
19375,1
19376,1
19377,1
19378,1
19379,1
19380,1
19381,1
19382,1
19383,1
19384,1
19385,1
19386,1
19387,1
19388,1
19389,1
19390,1
19391,1
19392,1
19393,1
19394,1
19395,1
19396,1
19397,1
19398,1
19399,1
19400,1
19401,1
19402,1
19403,1
19404,1
19405,1
19406,1
19407,1
19408,1
19409,1
19410,1
19411,1
19412,1
19413,1
19414,1
19415,1
19416,1
19417,1
19418,1
19419,1
19420,1
19421,1
19422,1
19423,1
19424,1
19425,1
19426,1
19427,1
19428,1
19429,1
19430,1
19431,1
19432,1
19433,1
19434,1
19435,1
19436,1
19437,1
19438,1
19439,1
19440,1
19441,1
19442,1
19443,1
19444,1
19445,1
19446,1
19447,1
19448,1
19449,1
19450,1
19451,1
19452,1
19453,1
19454,1
19455,1
19456,1
19457,1
19458,1
19459,1
19460,1
19461,1
19462,1
19463,1
19464,1
19465,1
19466,1
19467,1
19468,1
19469,1
19470,1
19471,1
19472,1
19473,1
19474,1
19475,1
19476,1
19477,1
19478,1
19479,1
19480,1
19481,1
19482,1
19483,1
19484,1
19485,1
19486,1
19487,1
19488,1
19489,1
19490,1
19491,1
19492,1
19493,1
19494,1
19495,1
19496,1
19497,1
19498,1
19499,1
19500,1
19501,1
19502,1
19503,1
19504,1
19505,1
19506,1
19507,1
19508,1
19509,1
19510,1
19511,1
19512,1
19513,1
19514,1
19515,1
19516,1
19517,1
19518,1
19519,1
19520,1
19521,1
19522,1
19523,1
19524,1
19525,1
19526,1
19527,1
19528,1
19529,1
19530,1
19531,1
19532,1
19533,1
19534,1
19535,1
19536,1
19537,1
19538,1
19539,1
19540,1
19541,1
19542,1
19543,1
19544,1
19545,1
19546,1
19547,1
19548,1
19549,1
19550,1
19551,1
19552,1
19553,1
19554,1
19555,1
19556,1
19557,1
19558,1
19559,1
19560,1
19561,1
19562,1
19563,1
19564,1
19565,1
19566,1
19567,1
19568,1
19569,1
19570,1
19571,1
19572,1
19573,1
19574,1
19575,1
19576,1
19577,1
19578,1
19579,1
19580,1
19581,1
19582,1
19583,1
19584,1
19585,1
19586,1
19587,1
19588,1
19589,1
19590,1
19591,1
19592,1
19593,1
19594,1
19595,1
19596,1
19597,1
19598,1
19599,1
19600,1
19601,1
19602,1
19603,1
19604,1
19605,1
19606,1
19607,1
19608,1
19609,1
19610,1
19611,1
19612,1
19613,1
19614,1
19615,1
19616,1
19617,1
19618,1
19619,1
19620,1
19621,1
19622,1
19623,1
19624,1
19625,1
19626,1
19627,1
19628,1
19629,1
19630,1
19631,1
19632,1
19633,1
19634,1
19635,1
19636,1
19637,1
19638,1
19639,1
19640,1
19641,1
19642,1
19643,1
19644,1
19645,1
19646,1
19647,1
19648,1
19649,1
19650,1
19651,1
19652,1
19653,1
19654,1
19655,1
19656,1
19657,1
19658,1
19659,1
19660,1
19661,1
19662,1
19663,1
19664,1
19665,1
19666,1
19667,1
19668,1
19669,1
19670,1
19671,1
19672,1
19673,1
19674,1
19675,1
19676,1
19677,1
19678,1
19679,1
19680,1
19681,1
19682,1
19683,1
19684,1
19685,1
19686,1
19687,1
19688,1
19689,1
19690,1
19691,1
19692,1
19693,1
19694,1
19695,1
19696,1
19697,1
19698,1
19699,1
19700,1
19701,1
19702,1
19703,1
19704,1
19705,1
19706,1
19707,1
19708,1
19709,1
19710,1
19711,1
19712,1
19713,1
19714,1
19715,1
19716,1
19717,1
19718,1
19719,1
19720,1
19721,1
19722,1
19723,1
19724,1
19725,1
19726,1
19727,1
19728,1
19729,1
19730,1
19731,1
19732,1
19733,1
19734,1
19735,1
19736,1
19737,1
19738,1
19739,1
19740,1
19741,1
19742,1
19743,1
19744,1
19745,1
19746,1
19747,1
19748,1
19749,1
19750,1
19751,1
19752,1
19753,1
19754,1
19755,1
19756,1
19757,1
19758,1
19759,1
19760,1
19761,1
19762,1
19763,1
19764,1
19765,1
19766,1
19767,1
19768,1
19769,1
19770,1
19771,1
19772,1
19773,1
19774,1
19775,1
19776,1
19777,1
19778,1
19779,1
19780,1
19781,1
19782,1
19783,1
19784,1
19785,1
19786,1
19787,1
19788,1
19789,1
19790,1
19791,1
19792,1
19793,1
19794,1
19795,1
19796,1
19797,1
19798,1
19799,1
19800,1
19801,1
19802,1
19803,1
19804,1
19805,1
19806,1
19807,1
19808,1
19809,1
19810,1
19811,1
19812,1
19813,1
19814,1
19815,1
19816,1
19817,1
19818,1
19819,1
19820,1
19821,1
19822,1
19823,1
19824,1
19825,1
19826,1
19827,1
19828,1
19829,1
19830,1
19831,1
19832,1
19833,1
19834,1
19835,1
19836,1
19837,1
19838,1
19839,1
19840,1
19841,1
19842,1
19843,1
19844,1
19845,1
19846,1
19847,1
19848,1
19849,1
19850,1
19851,1
19852,1
19853,1
19854,1
19855,1
19856,1
19857,1
19858,1
19859,1
19860,1
19861,1
19862,1
19863,1
19864,1
19865,1
19866,1
19867,1
19868,1
19869,1
19870,1
19871,1
19872,1
19873,1
19874,1
19875,1
19876,1
19877,1
19878,1
19879,1
19880,1
19881,1
19882,1
19883,1
19884,1
19885,1
19886,1
19887,1
19888,1
19889,1
19890,1
19891,1
19892,1
19893,1
19894,1
19895,1
19896,1
19897,1
19898,1
19899,1
19900,1
19901,1
19902,1
19903,1
19904,1
19905,1
19906,1
19907,1
19908,1
19909,1
19910,1
19911,1
19912,1
19913,1
19914,1
19915,1
19916,1
19917,1
19918,1
19919,1
19920,1
19921,1
19922,1
19923,1
19924,1
19925,1
19926,1
19927,1
19928,1
19929,1
19930,1
19931,1
19932,1
19933,1
19934,1
19935,1
19936,1
19937,1
19938,1
19939,1
19940,1
19941,1
19942,1
19943,1
19944,1
19945,1
19946,1
19947,1
19948,1
19949,1
19950,1
19951,1
19952,1
19953,1
19954,1
19955,1
19956,1
19957,1
19958,1
19959,1
19960,1
19961,1
19962,1
19963,1
19964,1
19965,1
19966,1
19967,1
19968,1
19969,1
19970,1
19971,1
19972,1
19973,1
19974,1
19975,1
19976,1
19977,1
19978,1
19979,1
19980,1
19981,1
19982,1
19983,1
19984,1
19985,1
19986,1
19987,1
19988,1
19989,1
19990,1
19991,1
19992,1
19993,1
19994,1
19995,1
19996,1
19997,1
19998,1
19999,1
20000,1
20001,1
20002,1
20003,1
20004,1
20005,1
20006,1
20007,1
20008,1
20009,1
20010,1
20011,1
20012,1
20013,1
20014,1
20015,1
20016,1
20017,1
20018,1
20019,1
20020,1
20021,1
20022,1
20023,1
20024,1
20025,1
20026,1
20027,1
20028,1
20029,1
20030,1
20031,1
20032,1
20033,1
20034,1
20035,1
20036,1
20037,1
20038,1
20039,1
20040,1
20041,1
20042,1
20043,1
20044,1
20045,1
20046,1
20047,1
20048,1
20049,1
20050,1
20051,1
20052,1
20053,1
20054,1
20055,1
20056,1
20057,1
20058,1
20059,1
20060,1
20061,1
20062,1
20063,1
20064,1
20065,1
20066,1
20067,1
20068,1
20069,1
20070,1
20071,1
20072,1
20073,1
20074,1
20075,1
20076,1
20077,1
20078,1
20079,1
20080,1
20081,1
20082,1
20083,1
20084,1
20085,1
20086,1
20087,1
20088,1
20089,1
20090,1
20091,1
20092,1
20093,1
20094,1
20095,1
20096,1
20097,1
20098,1
20099,1
20100,1
20101,1
20102,1
20103,1
20104,1
20105,1
20106,1
20107,1
20108,1
20109,1
20110,1
20111,1
20112,1
20113,1
20114,1
20115,1
20116,1
20117,1
20118,1
20119,1
20120,1
20121,1
20122,1
20123,1
20124,1
20125,1
20126,1
20127,1
20128,1
20129,1
20130,1
20131,1
20132,1
20133,1
20134,1
20135,1
20136,1
20137,1
20138,1
20139,1
20140,1
20141,1
20142,1
20143,1
20144,1
20145,1
20146,1
20147,1
20148,1
20149,1
20150,1
20151,1
20152,1
20153,1
20154,1
20155,1
20156,1
20157,1
20158,1
20159,1
20160,1
20161,1
20162,1
20163,1
20164,1
20165,1
20166,1
20167,1
20168,1
20169,1
20170,1
20171,1
20172,1
20173,1
20174,1
20175,1
20176,1
20177,1
20178,1
20179,1
20180,1
20181,1
20182,1
20183,1
20184,1
20185,1
20186,1
20187,1
20188,1
20189,1
20190,1
20191,1
20192,1
20193,1
20194,1
20195,1
20196,1
20197,1
20198,1
20199,1
20200,1
20201,1
20202,1
20203,1
20204,1
20205,1
20206,1
20207,1
20208,1
20209,1
20210,1
20211,1
20212,1
20213,1
20214,1
20215,1
20216,1
20217,1
20218,1
20219,1
20220,1
20221,1
20222,1
20223,1
20224,1
20225,1
20226,1
20227,1
20228,1
20229,1
20230,1
20231,1
20232,1
20233,1
20234,1
20235,1
20236,1
20237,1
20238,1
20239,1
20240,1
20241,1
20242,1
20243,1
20244,1
20245,1
20246,1
20247,1
20248,1
20249,1
20250,1
20251,1
20252,1
20253,1
20254,1
20255,1
20256,1
20257,1
20258,1
20259,1
20260,1
20261,1
20262,1
20263,1
20264,1
20265,1
20266,1
20267,1
20268,1
20269,1
20270,1
20271,1
20272,1
20273,1
20274,1
20275,1
20276,1
20277,1
20278,1
20279,1
20280,1
20281,1
20282,1
20283,1
20284,1
20285,1
20286,1
20287,1
20288,1
20289,1
20290,1
20291,1
20292,1
20293,1
20294,1
20295,1
20296,1
20297,1
20298,1
20299,1
20300,1
20301,1
20302,1
20303,1
20304,1
20305,1
20306,1
20307,1
20308,1
20309,1
20310,1
20311,1
20312,1
20313,1
20314,1
20315,1
20316,1
20317,1
20318,1
20319,1
20320,1
20321,1
20322,1
20323,1
20324,1
20325,1
20326,1
20327,1
20328,1
20329,1
20330,1
20331,1
20332,1
20333,1
20334,1
20335,1
20336,1
20337,1
20338,1
20339,1
20340,1
20341,1
20342,1
20343,1
20344,1
20345,1
20346,1
20347,1
20348,1
20349,1
20350,1
20351,1
20352,1
20353,1
20354,1
20355,1
20356,1
20357,1
20358,1
20359,1
20360,1
20361,1
20362,1
20363,1
20364,1
20365,1
20366,1
20367,1
20368,1
20369,1
20370,1
20371,1
20372,1
20373,1
20374,1
20375,1
20376,1
20377,1
20378,1
20379,1
20380,1
20381,1
20382,1
20383,1
20384,1
20385,1
20386,1
20387,1
20388,1
20389,1
20390,1
20391,1
20392,1
20393,1
20394,1
20395,1
20396,1
20397,1
20398,1
20399,1
20400,1
20401,1
20402,1
20403,1
20404,1
20405,1
20406,1
20407,1
20408,1
20409,1
20410,1
20411,1
20412,1
20413,1
20414,1
20415,1
20416,1
20417,1
20418,1
20419,1
20420,1
20421,1
20422,1
20423,1
20424,1
20425,1
20426,1
20427,1
20428,1
20429,1
20430,1
20431,1
20432,1
20433,1
20434,1
20435,1
20436,1
20437,1
20438,1
20439,1
20440,1
20441,1
20442,1
20443,1
20444,1
20445,1
20446,1
20447,1
20448,1
20449,1
20450,1
20451,1
20452,1
20453,1
20454,1
20455,1
20456,1
20457,1
20458,1
20459,1
20460,1
20461,1
20462,1
20463,1
20464,1
20465,1
20466,1
20467,1
20468,1
20469,1
20470,1
20471,1
20472,1
20473,1
20474,1
20475,1
20476,1
20477,1
20478,1
20479,1
20480,1
20481,1
20482,1
20483,1
20484,1
20485,1
20486,1
20487,1
20488,1
20489,1
20490,1
20491,1
20492,1
20493,1
20494,1
20495,1
20496,1
20497,1
20498,1
20499,1
20500,1
20501,1
20502,1
20503,1
20504,1
20505,1
20506,1
20507,1
20508,1
20509,1
20510,1
20511,1
20512,1
20513,1
20514,1
20515,1
20516,1
20517,1
20518,1
20519,1
20520,1
20521,1
20522,1
20523,1
20524,1
20525,1
20526,1
20527,1
20528,1
20529,1
20530,1
20531,1
20532,1
20533,1
20534,1
20535,1
20536,1
20537,1
20538,1
20539,1
20540,1
20541,1
20542,1
20543,1
20544,1
20545,1
20546,1
20547,1
20548,1
20549,1
20550,1
20551,1
20552,1
20553,1
20554,1
20555,1
20556,1
20557,1
20558,1
20559,1
20560,1
20561,1
20562,1
20563,1
20564,1
20565,1
20566,1
20567,1
20568,1
20569,1
20570,1
20571,1
20572,1
20573,1
20574,1
20575,1
20576,1
20577,1
20578,1
20579,1
20580,1
20581,1
20582,1
20583,1
20584,1
20585,1
20586,1
20587,1
20588,1
20589,1
20590,1
20591,1
20592,1
20593,1
20594,1
20595,1
20596,1
20597,1
20598,1
20599,1
20600,1
20601,1
20602,1
20603,1
20604,1
20605,1
20606,1
20607,1
20608,1
20609,1
20610,1
20611,1
20612,1
20613,1
20614,1
20615,1
20616,1
20617,1
20618,1
20619,1
20620,1
20621,1
20622,1
20623,1
20624,1
20625,1
20626,1
20627,1
20628,1
20629,1
20630,1
20631,1
20632,1
20633,1
20634,1
20635,1
20636,1
20637,1
20638,1
20639,1
20640,1
20641,1
20642,1
20643,1
20644,1
20645,1
20646,1
20647,1
20648,1
20649,1
20650,1
20651,1
20652,1
20653,1
20654,1
20655,1
20656,1
20657,1
20658,1
20659,1
20660,1
20661,1
20662,1
20663,1
20664,1
20665,1
20666,1
20667,1
20668,1
20669,1
20670,1
20671,1
20672,1
20673,1
20674,1
20675,1
20676,1
20677,1
20678,1
20679,1
20680,1
20681,1
20682,1
20683,1
20684,1
20685,1
20686,1
20687,1
20688,1
20689,1
20690,1
20691,1
20692,1
20693,1
20694,1
20695,1
20696,1
20697,1
20698,1
20699,1
20700,1
20701,1
20702,1
20703,1
20704,1
20705,1
20706,1
20707,1
20708,1
20709,1
20710,1
20711,1
20712,1
20713,1
20714,1
20715,1
20716,1
20717,1
20718,1
20719,1
20720,1
20721,1
20722,1
20723,1
20724,1
20725,1
20726,1
20727,1
20728,1
20729,1
20730,1
20731,1
20732,1
20733,1
20734,1
20735,1
20736,1
20737,1
20738,1
20739,1
20740,1
20741,1
20742,1
20743,1
20744,1
20745,1
20746,1
20747,1
20748,1
20749,1
20750,1
20751,1
20752,1
20753,1
20754,1
20755,1
20756,1
20757,1
